#
# A fatal error has been detected by the Java Runtime Environment:
#
#  EXCEPTION_ACCESS_VIOLATION (0xc0000005) at pc=0x000001fb0754a399, pid=10304, tid=25152
#
# JRE version: OpenJDK Runtime Environment Temurin-21.0.9+10 (21.0.9+10) (build 21.0.9+10-LTS)
# Java VM: OpenJDK 64-Bit Server VM Temurin-21.0.9+10 (21.0.9+10-LTS, mixed mode, sharing, tiered, compressed oops, compressed class ptrs, g1 gc, windows-amd64)
# Problematic frame:
# j  org.gradle.internal.component.local.model.DefaultLocalComponentGraphResolveState.getConfigurationLegacy(Ljava/lang/String;)Lorg/gradle/internal/component/local/model/LocalVariantGraphResolveState;+12
#
# No core dump will be written. Minidumps are not enabled by default on client versions of Windows
#
# If you would like to submit a bug report, please visit:
#   https://github.com/adoptium/adoptium-support/issues
#

---------------  S U M M A R Y ------------

Command Line: --add-opens=java.base/java.util=ALL-UNNAMED --add-opens=java.base/java.lang=ALL-UNNAMED --add-opens=java.base/java.lang.invoke=ALL-UNNAMED --add-opens=java.prefs/java.util.prefs=ALL-UNNAMED --add-exports=jdk.compiler/com.sun.tools.javac.api=ALL-UNNAMED --add-exports=jdk.compiler/com.sun.tools.javac.util=ALL-UNNAMED --add-opens=java.base/java.nio.charset=ALL-UNNAMED --add-opens=java.base/java.net=ALL-UNNAMED --add-opens=java.base/java.util.concurrent.atomic=ALL-UNNAMED -Xmx4G -Dfile.encoding=UTF-8 -Duser.country=PE -Duser.language=es -Duser.variant -javaagent:C:\Users\Yuse\.gradle\wrapper\dists\gradle-8.10-bin\deqhafrv1ntovfmgh0nh3npr9\gradle-8.10\lib\agents\gradle-instrumentation-agent-8.10.jar org.gradle.launcher.daemon.bootstrap.GradleDaemon 8.10

Host: AMD Ryzen 5 8600G w/ Radeon 760M Graphics      , 12 cores, 13G,  Windows 11 , 64 bit Build 26100 (10.0.26100.9168)
Time: Mon Aug 17 16:46:15 2026 Hora est. Pacífico, Sudamérica elapsed time: 2864.126828 seconds (0d 0h 47m 44s)

---------------  T H R E A D  ---------------

Current thread (0x000001fb61cf0e10):  JavaThread "included builds"        [_thread_in_Java, id=25152, stack(0x00000054ceb00000,0x00000054cec00000) (1024K)]

Stack: [0x00000054ceb00000,0x00000054cec00000],  sp=0x00000054cebfb048,  free space=1004k
Native frames: (J=compiled Java code, j=interpreted, Vv=VM code, C=native code)
C  0x000001fb0754a399

The last pc belongs to invokeinterface (printed below).

siginfo: EXCEPTION_ACCESS_VIOLATION (0xc0000005), reading address 0xffffffffffffffff


Registers:
RAX=0xff000000ff000000, RBX=0x000001fb56c127f8, RCX=0x000001fb56c127f8, RDX=0x000001fb1647e598
RSP=0x00000054cebfb048, RBP=0x00000054cebfb0b0, RSI=0x0000000000000158, RDI=0x00000007ff6392d8
R8 =0x000001fb7ead1a4d, R9 =0x000001fb7aae0000, R10=0x000001fb15000000, R11=0x00000007fe349bf0
R12=0x0000000000000000, R13=0x0000000000000000, R14=0x000001fb1647e7a0, R15=0x000001fb61cf0e10
RIP=0x000001fb0754a399, EFLAGS=0x0000000000010246

XMM[0]=0x0000000000000000 0x000000003f400000
XMM[1]=0x0000000000000000 0x0000000000000000
XMM[2]=0x0000000000000000 0x00000054cebfb030
XMM[3]=0x0000000000000000 0x00000054cebfb050
XMM[4]=0x0000000000000000 0x00000007fe3446e8
XMM[5]=0x656369767265532f 0x656369767265732f
XMM[6]=0x0000000000000000 0x850b1f79384de78e
XMM[7]=0x0000000000000000 0x0000000000000020
XMM[8]=0x0000000000000000 0x0000000001662040
XMM[9]=0x0000000000000000 0x000001fb163cd6a0
XMM[10]=0x0000000000000000 0x00000000709b3052
XMM[11]=0x0000000000000000 0xd536e196955dc12e
XMM[12]=0x0000000000000000 0x00000000c026df98
XMM[13]=0x0000000000000000 0x000000006e378e47
XMM[14]=0x0000000000000000 0x0000000000000000
XMM[15]=0x0000000000000000 0x00000000a2051a91
  MXCSR=0x00001fa0


Register to memory mapping:

RAX=0xff000000ff000000 is an unknown value
RBX=0x000001fb56c127f8 is pointing into metadata
RCX=0x000001fb56c127f8 is pointing into metadata
RDX=0x000001fb1647e598 is a pointer to class: 
org.gradle.internal.model.CalculatedValueContainerFactory$DefaultCalculatedValueCache {0x000001fb1647e5a0}
 - instance size:     3
 - klass size:        72
 - access:            synchronized 
 - flags:             rewritten has_nonstatic_fields should_verify_class has_localvariable_table has_resolved_methods 
 - state:             fully_initialized
 - name:              'org/gradle/internal/model/CalculatedValueContainerFactory$DefaultCalculatedValueCache'
 - super:             'java/lang/Object'
 - sub:               
 - arrays:            null
 - methods:           Array<T>(0x000001fb57770ad8)
 - method ordering:   Array<T>(0x000001fb15b2aea8)
 - local interfaces:  Array<T>(0x000001fb57770ac8)
 - trans. interfaces: Array<T>(0x000001fb57770ac8)
 - secondary supers: Array<T>(0x000001fb57770ac8)
 - hash_slot:         0
 - bitmap:            0x0000008000000000
 - constants:         constant pool [126]/operands[14] {0x000001fb5776b780} for 'org/gradle/internal/model/CalculatedValueContainerFactory$DefaultCalculatedValueCache' cache=0x000001fb5776bbb0
 - class loader data:  loader data: 0x000001fb7fb25650 for instance a 'org/gradle/internal/classloader/VisitableURLClassLoader'{0x0000000700401888}
 - source file:       'CalculatedValueContainerFactory.java'
 - generic signature: '<K:Ljava/lang/Object;V:Ljava/lang/Object;>Ljava/lang/Object;Lorg/gradle/internal/model/CalculatedValueCache<TK;TV;>;'
 - inner classes:     Array<T>(0x000001fb57770f60)
 - nest members:     Array<T>(0x000001fb15611da8)
 - permitted subclasses:     Array<T>(0x000001fb15611da8)
 - java mirror:       a 'java/lang/Class'{0x00000007013cc490} = 'org/gradle/internal/model/CalculatedValueContainerFactory$DefaultCalculatedValueCache'
 - vtable length      7  (start addr: 0x000001fb1647e768)
 - itable length      6 (start addr: 0x000001fb1647e7a0)
 - ---- static fields (0 words):
 - ---- non-static fields (3 words):
 - private final 'type' 'Lorg/gradle/internal/DisplayName;' @12 
 - private final 'cache' 'Ljava/util/Map;' @16 
 - private final 'calculatedValueContainerFactory' 'Lorg/gradle/internal/model/CalculatedValueContainerFactory;' @20 
 - non-static oop maps: 12-20 
RSP=0x00000054cebfb048 is pointing into the stack for thread: 0x000001fb61cf0e10
RBP=0x00000054cebfb0b0 is pointing into the stack for thread: 0x000001fb61cf0e10
RSI=0x0000000000000158 is an unknown value
RDI=0x00000007ff6392d8 is an oop: java.lang.invoke.MemberName 
{0x00000007ff6392d8} - klass: 'java/lang/invoke/MemberName'
 - ---- fields (total size 6 words):
 - private 'flags' 'I' @12  117571586 (0x07020002)
 - injected 'vmindex' 'J' @16  -2 (0xfffffffffffffffe)
 - private 'clazz' 'Ljava/lang/Class;' @24  a 'java/lang/Class'{0x0000000703729fc0} = 'org/gradle/internal/component/local/model/DefaultLocalComponentGraphResolveState$$Lambda+0x000001fb1666a710' (0xe06e53f8)
 - private 'name' 'Ljava/lang/String;' @28  "<init>"{0x0000000700401720} (0xe00802e4)
 - private 'type' 'Ljava/lang/Object;' @32  a 'java/lang/invoke/MethodType'{0x0000000702ae4b48} = (Lorg/gradle/internal/component/local/model/DefaultLocalComponentGraphResolveState;Ljava/lang/String;)V (0xe055c969)
 - private 'method' 'Ljava/lang/invoke/ResolvedMethodName;' @36  a 'java/lang/invoke/ResolvedMethodName'{0x00000007ff6392c0} (0xffec7258)
 - 'resolution' 'Ljava/lang/Object;' @40  null (0x00000000)
R8 =0x000001fb7ead1a4d points into unknown readable memory: 02 02 02
R9 =0x000001fb7aae0000 points into unknown readable memory: 0x000100040000004d | 4d 00 00 00 04 00 01 00
R10=0x000001fb15000000 is pointing into metadata
R11=
[error occurred during error reporting (printing register info), id 0xc0000005, EXCEPTION_ACCESS_VIOLATION (0xc0000005) at pc=0x00007fff0e0ccad1]
R12=0x0 is null
R13=0x0 is null
R14=0x000001fb1647e7a0 is pointing into metadata
R15=0x000001fb61cf0e10 is a thread

Top of Stack: (sp=0x00000054cebfb048)
0x00000054cebfb048:   000001fb07538e78 00000007fe349be0
0x00000054cebfb058:   00000007193ced20 00000007193cee40
0x00000054cebfb068:   00000054cebfb068 000001fb5834d624
0x00000054cebfb078:   0000000000000003 000001fb583515e8
0x00000054cebfb088:   0000000000000000 000000070101b970
0x00000054cebfb098:   000001fb5834d660 0000000000000000
0x00000054cebfb0a8:   00000054cebfb0c0 00000054cebfb118
0x00000054cebfb0b8:   000001fb07538e78 00000007193ced20
0x00000054cebfb0c8:   00000007193ceb68 00000054cebfb0d0
0x00000054cebfb0d8:   000001fb58333f20 0000000000000003
0x00000054cebfb0e8:   000001fb583349f0 0000000000000000
0x00000054cebfb0f8:   0000000701b5d580 000001fb58333f70
0x00000054cebfb108:   00000054cebfb0c0 00000054cebfb130
0x00000054cebfb118:   00000054cebfb180 000001fb07538e78
0x00000054cebfb128:   0000000000000000 00000007fe3497b8
0x00000054cebfb138:   00000054cebfb138 000001fb58343c86
0x00000054cebfb148:   000000000000001d 000001fb58346f18
0x00000054cebfb158:   0000000000000000 0000000701b5c538
0x00000054cebfb168:   000001fb5833ff00 00000054cebfb130
0x00000054cebfb178:   00000054cebfb1d8 00000054cebfb2c0
0x00000054cebfb188:   000001fb07538860 0000000000000000
0x00000054cebfb198:   0000000000000000 0000000000000000
0x00000054cebfb1a8:   0000000000000000 0000000000000000
0x00000054cebfb1b8:   0000000000000000 0000000000000000
0x00000054cebfb1c8:   0000000000000000 00000007193ceb68
0x00000054cebfb1d8:   0000000718cba5a8 00000007fe3498e0
0x00000054cebfb1e8:   00000007ffe006d0 000000070172cfc8
0x00000054cebfb1f8:   0000000700a25c20 0000000718c9b3e8
0x00000054cebfb208:   0000000718cb69f8 00000007019f1150
0x00000054cebfb218:   0000000718c9b928 0000000718eb1a20
0x00000054cebfb228:   0000000718cfee20 0000000718cb6428
0x00000054cebfb238:   0000000718cff2b0 000000070172d190 

Instructions: (pc=0x000001fb0754a399)
0x000001fb0754a299:   08 4c 89 6d f0 ff 63 50 4c 8b 75 c8 4e 8d 74 f5
0x000001fb0754a2a9:   00 8b 51 08 49 ba 00 00 00 15 fb 01 00 00 49 03
0x000001fb0754a2b9:   d2 48 8b cb 44 8b b2 ac 00 00 00 4e 8d b4 f2 d0
0x000001fb0754a2c9:   01 00 00 4d 8b 2e 49 3b c5 74 15 4d 85 ed 0f 84
0x000001fb0754a2d9:   4b 03 00 00 49 83 c6 10 4d 8b 2e 49 3b c5 75 eb
0x000001fb0754a2e9:   4c 8b 6d c0 4c 8b 6d d8 4d 85 ed 0f 84 97 00 00
0x000001fb0754a2f9:   00 4d 8b 75 18 4c 3b f2 0f 85 0f 00 00 00 49 83
0x000001fb0754a309:   45 20 01 49 83 5d 20 00 e9 73 00 00 00 4d 85 f6
0x000001fb0754a319:   0f 84 43 00 00 00 4d 8b 75 28 4c 3b f2 0f 85 0f
0x000001fb0754a329:   00 00 00 49 83 45 30 01 49 83 5d 30 00 e9 4e 00
0x000001fb0754a339:   00 00 4d 85 f6 74 0f 49 83 45 08 01 49 83 5d 08
0x000001fb0754a349:   00 e9 3a 00 00 00 49 89 55 28 41 be 01 00 00 00
0x000001fb0754a359:   4d 89 75 30 e9 27 00 00 00 49 3b 55 28 0f 85 0f
0x000001fb0754a369:   00 00 00 49 83 45 30 01 49 83 5d 30 00 e9 0e 00
0x000001fb0754a379:   00 00 49 89 55 18 41 be 01 00 00 00 4d 89 75 20
0x000001fb0754a389:   49 83 c5 38 4c 89 6d d8 48 8b 43 08 48 8b 40 08
0x000001fb0754a399:   48 8b 40 18 8b 5b 2c 83 eb f6 f7 db 4c 8b f2 45
0x000001fb0754a3a9:   8b ae ac 00 00 00 4f 8d ac ee d0 01 00 00 4d 8d
0x000001fb0754a3b9:   34 de 49 8b 5d 00 48 3b c3 74 16 48 85 db 0f 84
0x000001fb0754a3c9:   5b 02 00 00 49 83 c5 10 49 8b 5d 00 48 3b c3 75
0x000001fb0754a3d9:   ea 45 8b 6d 08 4b 8b 1c 2e 48 85 db 0f 84 71 01
0x000001fb0754a3e9:   00 00 48 8b 55 d8 48 85 d2 0f 84 3d 01 00 00 80
0x000001fb0754a3f9:   7a c8 0b 0f 85 33 01 00 00 48 83 c2 08 4c 8b 6a
0x000001fb0754a409:   f8 41 83 ed 00 41 83 fd 02 0f 8c 12 01 00 00 4c
0x000001fb0754a419:   8b 6b 08 45 0f b7 6d 2e 4c 2b 2a 41 83 ed 01 4e
0x000001fb0754a429:   8b 6c ec 08 4d 85 ed 75 0e f6 42 08 01 75 58 f0
0x000001fb0754a439:   48 83 4a 08 01 eb 50 45 8b 6d 08 49 ba 00 00 00
0x000001fb0754a449:   15 fb 01 00 00 4d 03 ea 4d 8b d5 4c 33 6a 08 49
0x000001fb0754a459:   f7 c5 fc ff ff ff 74 2f 41 f6 c5 02 75 29 48 83
0x000001fb0754a469:   7a 08 00 74 1e 48 83 7a 08 01 74 17 4d 8b ea 4c
0x000001fb0754a479:   33 6a 08 49 f7 c5 fc ff ff ff 74 0b 48 83 4a 08
0x000001fb0754a489:   02 eb 04 4c 89 6a 08 48 83 c2 10 4c 8b 6a e8 41 


Stack slot to memory mapping:

stack at sp + 0 slots: 0x000001fb07538e78 is at code_begin+2744 in an Interpreter codelet
return entry points  [0x000001fb075383c0, 0x000001fb07538f60]  2976 bytes
stack at sp + 1 slots: 0x00000007fe349be0 is an oop: org.gradle.internal.component.local.model.DefaultLocalComponentGraphResolveState$$Lambda/0x000001fb1666a710 
{0x00000007fe349be0} - klass: 'org/gradle/internal/component/local/model/DefaultLocalComponentGraphResolveState$$Lambda+0x000001fb1666a710'
 - ---- fields (total size 3 words):
 - private final 'arg$1' 'Lorg/gradle/internal/component/local/model/DefaultLocalComponentGraphResolveState;' @12  a 'org/gradle/internal/component/local/model/DefaultLocalComponentGraphResolveState'{0x00000007193ceb68} (0xe3279d6d)
 - private final 'arg$2' 'Ljava/lang/String;' @16  "minecraftCopy"{0x00000007193ced20} (0xe3279da4)
stack at sp + 2 slots: 0x00000007193ced20 is an oop: java.lang.String 
{0x00000007193ced20} - klass: 'java/lang/String'
 - string: "minecraftCopy"
 - ---- fields (total size 3 words):
 - private 'hash' 'I' @12  1768914626 (0x696f7ec2)
 - private final 'coder' 'B' @16  0 (0x00)
 - private 'hashIsZero' 'Z' @17  false (0x00)
 - injected 'flags' 'B' @18  0 (0x00)
 - private final 'value' '[B' @20  [B{0x00000007193ced38} (0xe3279da7)
stack at sp + 3 slots: 0x00000007193cee40 is an oop: org.gradle.internal.model.CalculatedValueContainerFactory$DefaultCalculatedValueCache 
{0x00000007193cee40} - klass: 'org/gradle/internal/model/CalculatedValueContainerFactory$DefaultCalculatedValueCache'
 - ---- fields (total size 3 words):
 - private final 'type' 'Lorg/gradle/internal/DisplayName;' @12  a 'org/gradle/internal/Describables$FixedDescribable'{0x00000007193cee58} (0xe3279dcb)
 - private final 'cache' 'Ljava/util/Map;' @16  a 'java/util/concurrent/ConcurrentHashMap'{0x00000007193cee68} (0xe3279dcd)
 - private final 'calculatedValueContainerFactory' 'Lorg/gradle/internal/model/CalculatedValueContainerFactory;' @20  a 'org/gradle/internal/model/CalculatedValueContainerFactory'{0x0000000718cc6a78} (0xe3198d4f)
stack at sp + 4 slots: 0x00000054cebfb068 is pointing into the stack for thread: 0x000001fb61cf0e10
stack at sp + 5 slots: 0x000001fb5834d624 is pointing into metadata
stack at sp + 6 slots: 0x0000000000000003 is an unknown value
stack at sp + 7 slots: 0x000001fb583515e8 is pointing into metadata

invokeinterface  185 invokeinterface  [0x000001fb07549be0, 0x000001fb0754a6f8]  2840 bytes
[MachCode]
  0x000001fb07549be0: 4883 ec08 | c5fa 1104 | 24eb 1f48 | 83ec 10c5 | fb11 0424 | eb14 4883 | ec10 4889 | 0424 48c7 
  0x000001fb07549c00: 4424 0800 | 0000 00eb | 0150 4c89 | 6dc0 410f | b755 0148 | 8b4d d0c1 | e202 8b5c | d138 c1eb 
  0x000001fb07549c20: 1081 e3ff | 0000 0081 | fbb9 0000 | 000f 84b4 | 0000 00bb | b900 0000 | e805 0000 | 00e9 9900 
  0x000001fb07549c40: 0000 488b | d348 8d44 | 2408 4c89 | 6dc0 498b | cfc5 f877 | 4989 afa8 | 0300 0049 | 8987 9803 
  0x000001fb07549c60: 0000 4883 | ec20 40f6 | c40f 0f84 | 1900 0000 | 4883 ec08 | 48b8 40fa | 490e ff7f | 0000 ffd0 
  0x000001fb07549c80: 4883 c408 | e90c 0000 | 0048 b840 | fa49 0eff | 7f00 00ff | d048 83c4 | 2049 c787 | 9803 0000 
  0x000001fb07549ca0: 0000 0000 | 49c7 87a8 | 0300 0000 | 0000 0049 | c787 a003 | 0000 0000 | 0000 c5f8 | 7749 837f 
  0x000001fb07549cc0: 0800 0f84 | 0500 0000 | e933 72fe | ff4c 8b6d | c04c 8b75 | c84e 8d74 | f500 c341 | 0fb7 5501 
  0x000001fb07549ce0: 488b 4dd0 | c1e2 0248 | 8b44 d140 | 488b 5cd1 | 488b 54d1 | 508b ca81 | e1ff 0000 | 0048 8b4c 
  0x000001fb07549d00: ccf8 448b | eac1 ea1c | 49ba 90d4 | d80e ff7f | 0000 498b | 14d2 5241 | 8bd5 4c8b | 6dc0 448b 
  0x000001fb07549d20: f241 81e6 | 0000 8000 | 0f84 9503 | 0000 8bc2 | 2500 0010 | 000f 8478 | 0100 0048 | 3b01 488b 
  0x000001fb07549d40: 45d8 4885 | c00f 8412 | 0000 0048 | 8340 0801 | 4883 5808 | 0048 83c0 | 3848 8945 | d848 8b45 
  0x000001fb07549d60: d848 85c0 | 0f84 3d01 | 0000 8078 | c80b 0f85 | 3301 0000 | 4883 c008 | 4c8b 68f8 | 4183 ed00 
  0x000001fb07549d80: 4183 fd02 | 0f8c 1201 | 0000 4c8b | 6b08 450f | b76d 2e4c | 2b28 4183 | ed01 4e8b | 6cec 084d 
  0x000001fb07549da0: 85ed 750e | f640 0801 | 7558 f048 | 8348 0801 | eb50 458b | 6d08 49ba | 0000 0015 | fb01 0000 
  0x000001fb07549dc0: 4d03 ea4d | 8bd5 4c33 | 6808 49f7 | c5fc ffff | ff74 2f41 | f6c5 0275 | 2948 8378 | 0800 741e 
  0x000001fb07549de0: 4883 7808 | 0174 174d | 8bea 4c33 | 6808 49f7 | c5fc ffff | ff74 0b48 | 8348 0802 | eb04 4c89 
  0x000001fb07549e00: 6808 4883 | c010 4c8b | 68e8 4183 | ed02 4183 | fd02 0f8c | 8400 0000 | 4c8b 6b08 | 450f b76d 
  0x000001fb07549e20: 2e4c 2b28 | 4183 ed01 | 4e8b 6cec | 084d 85ed | 750e f640 | 0801 7558 | f048 8348 | 0801 eb50 
  0x000001fb07549e40: 458b 6d08 | 49ba 0000 | 0015 fb01 | 0000 4d03 | ea4d 8bd5 | 4c33 6808 | 49f7 c5fc | ffff ff74 
  0x000001fb07549e60: 2f41 f6c5 | 0275 2948 | 8378 0800 | 741e 4883 | 7808 0174 | 174d 8bea | 4c33 6808 | 49f7 c5fc 
  0x000001fb07549e80: ffff ff74 | 0b48 8348 | 0802 eb04 | 4c89 6808 | 4883 c010 | 4c8b 68d8 | 4183 ed04 | 41c1 e503 
  0x000001fb07549ea0: 4903 c548 | 8945 d84c | 8d6c 2408 | 4c89 6df0 | ff63 508b | 4108 49ba | 0000 0015 | fb01 0000 
  0x000001fb07549ec0: 4903 c24c | 8b75 d84d | 85f6 0f84 | 9500 0000 | 498b 5618 | 483b d00f | 850f 0000 | 0049 8346 
  0x000001fb07549ee0: 2001 4983 | 5e20 00e9 | 7100 0000 | 4885 d20f | 8442 0000 | 0049 8b56 | 2848 3bd0 | 0f85 0f00 
  0x000001fb07549f00: 0000 4983 | 4630 0149 | 835e 3000 | e94c 0000 | 0048 85d2 | 740f 4983 | 4608 0149 | 835e 0800 
  0x000001fb07549f20: e938 0000 | 0049 8946 | 28ba 0100 | 0000 4989 | 5630 e926 | 0000 0049 | 3b46 280f | 850f 0000 
  0x000001fb07549f40: 0049 8346 | 3001 4983 | 5e30 00e9 | 0d00 0000 | 4989 4618 | ba01 0000 | 0049 8956 | 2049 83c6 
  0x000001fb07549f60: 384c 8975 | d848 8b9c | d8d0 0100 | 0048 8b55 | d848 85d2 | 0f84 3d01 | 0000 807a | c80b 0f85 
  0x000001fb07549f80: 3301 0000 | 4883 c208 | 4c8b 6af8 | 4183 ed00 | 4183 fd02 | 0f8c 1201 | 0000 4c8b | 6b08 450f 
  0x000001fb07549fa0: b76d 2e4c | 2b2a 4183 | ed01 4e8b | 6cec 084d | 85ed 750e | f642 0801 | 7558 f048 | 834a 0801 
  0x000001fb07549fc0: eb50 458b | 6d08 49ba | 0000 0015 | fb01 0000 | 4d03 ea4d | 8bd5 4c33 | 6a08 49f7 | c5fc ffff 
  0x000001fb07549fe0: ff74 2f41 | f6c5 0275 | 2948 837a | 0800 741e | 4883 7a08 | 0174 174d | 8bea 4c33 | 6a08 49f7 
  0x000001fb0754a000: c5fc ffff | ff74 0b48 | 834a 0802 | eb04 4c89 | 6a08 4883 | c210 4c8b | 6ae8 4183 | ed02 4183 
  0x000001fb0754a020: fd02 0f8c | 8400 0000 | 4c8b 6b08 | 450f b76d | 2e4c 2b2a | 4183 ed01 | 4e8b 6cec | 084d 85ed 
  0x000001fb0754a040: 750e f642 | 0801 7558 | f048 834a | 0801 eb50 | 458b 6d08 | 49ba 0000 | 0015 fb01 | 0000 4d03 
  0x000001fb0754a060: ea4d 8bd5 | 4c33 6a08 | 49f7 c5fc | ffff ff74 | 2f41 f6c5 | 0275 2948 | 837a 0800 | 741e 4883 
  0x000001fb0754a080: 7a08 0174 | 174d 8bea | 4c33 6a08 | 49f7 c5fc | ffff ff74 | 0b48 834a | 0802 eb04 | 4c89 6a08 
  0x000001fb0754a0a0: 4883 c210 | 4c8b 6ad8 | 4183 ed04 | 41c1 e503 | 4903 d548 | 8955 d84c | 8d6c 2408 | 4c89 6df0 
  0x000001fb0754a0c0: ff63 5044 | 8bf2 4181 | e600 0010 | 000f 84ce | 0100 0044 | 8b71 0849 | ba00 0000 | 15fb 0100 
  0x000001fb0754a0e0: 004d 03f2 | 4c3b f00f | 843f 0000 | 0044 8b68 | 144b 3b04 | 2e0f 8431 | 0000 0041 | 83fd 200f 
  0x000001fb0754a100: 851f 0000 | 0051 5749 | 8b7e 288b | 0f48 83c7 | 0848 85c0 | f248 af5f | 5975 0949 | 8946 20e9 
  0x000001fb0754a120: 0800 0000 | 498b d6e9 | fc04 0000 | 488b 55d8 | 4885 d20f | 8412 0000 | 0048 8342 | 0801 4883 
  0x000001fb0754a140: 5a08 0048 | 83c2 3848 | 8955 d848 | 8b55 d848 | 85d2 0f84 | 3d01 0000 | 807a c80b | 0f85 3301 
  0x000001fb0754a160: 0000 4883 | c208 4c8b | 6af8 4183 | ed00 4183 | fd02 0f8c | 1201 0000 | 4c8b 6b08 | 450f b76d 
  0x000001fb0754a180: 2e4c 2b2a | 4183 ed01 | 4e8b 6cec | 084d 85ed | 750e f642 | 0801 7558 | f048 834a | 0801 eb50 
  0x000001fb0754a1a0: 458b 6d08 | 49ba 0000 | 0015 fb01 | 0000 4d03 | ea4d 8bd5 | 4c33 6a08 | 49f7 c5fc | ffff ff74 
  0x000001fb0754a1c0: 2f41 f6c5 | 0275 2948 | 837a 0800 | 741e 4883 | 7a08 0174 | 174d 8bea | 4c33 6a08 | 49f7 c5fc 
  0x000001fb0754a1e0: ffff ff74 | 0b48 834a | 0802 eb04 | 4c89 6a08 | 4883 c210 | 4c8b 6ae8 | 4183 ed02 | 4183 fd02 
  0x000001fb0754a200: 0f8c 8400 | 0000 4c8b | 6b08 450f | b76d 2e4c | 2b2a 4183 | ed01 4e8b | 6cec 084d | 85ed 750e 
  0x000001fb0754a220: f642 0801 | 7558 f048 | 834a 0801 | eb50 458b | 6d08 49ba | 0000 0015 | fb01 0000 | 4d03 ea4d 
  0x000001fb0754a240: 8bd5 4c33 | 6a08 49f7 | c5fc ffff | ff74 2f41 | f6c5 0275 | 2948 837a | 0800 741e | 4883 7a08 
  0x000001fb0754a260: 0174 174d | 8bea 4c33 | 6a08 49f7 | c5fc ffff | ff74 0b48 | 834a 0802 | eb04 4c89 | 6a08 4883 
  0x000001fb0754a280: c210 4c8b | 6ad8 4183 | ed04 41c1 | e503 4903 | d548 8955 | d84c 8d6c | 2408 4c89 | 6df0 ff63 
  0x000001fb0754a2a0: 504c 8b75 | c84e 8d74 | f500 8b51 | 0849 ba00 | 0000 15fb | 0100 0049 | 03d2 488b | cb44 8bb2 
  0x000001fb0754a2c0: ac00 0000 | 4e8d b4f2 | d001 0000 | 4d8b 2e49 | 3bc5 7415 | 4d85 ed0f | 844b 0300 | 0049 83c6 
  0x000001fb0754a2e0: 104d 8b2e | 493b c575 | eb4c 8b6d | c04c 8b6d | d84d 85ed | 0f84 9700 | 0000 4d8b | 7518 4c3b 
  0x000001fb0754a300: f20f 850f | 0000 0049 | 8345 2001 | 4983 5d20 | 00e9 7300 | 0000 4d85 | f60f 8443 | 0000 004d 
  0x000001fb0754a320: 8b75 284c | 3bf2 0f85 | 0f00 0000 | 4983 4530 | 0149 835d | 3000 e94e | 0000 004d | 85f6 740f 
  0x000001fb0754a340: 4983 4508 | 0149 835d | 0800 e93a | 0000 0049 | 8955 2841 | be01 0000 | 004d 8975 | 30e9 2700 
  0x000001fb0754a360: 0000 493b | 5528 0f85 | 0f00 0000 | 4983 4530 | 0149 835d | 3000 e90e | 0000 0049 | 8955 1841 
  0x000001fb0754a380: be01 0000 | 004d 8975 | 2049 83c5 | 384c 896d | d848 8b43 | 0848 8b40 | 0848 8b40 | 188b 5b2c 
  0x000001fb0754a3a0: 83eb f6f7 | db4c 8bf2 | 458b aeac | 0000 004f | 8dac eed0 | 0100 004d | 8d34 de49 | 8b5d 0048 
  0x000001fb0754a3c0: 3bc3 7416 | 4885 db0f | 845b 0200 | 0049 83c5 | 1049 8b5d | 0048 3bc3 | 75ea 458b | 6d08 4b8b 
  0x000001fb0754a3e0: 1c2e 4885 | db0f 8471 | 0100 0048 | 8b55 d848 | 85d2 0f84 | 3d01 0000 | 807a c80b | 0f85 3301 
  0x000001fb0754a400: 0000 4883 | c208 4c8b | 6af8 4183 | ed00 4183 | fd02 0f8c | 1201 0000 | 4c8b 6b08 | 450f b76d 
  0x000001fb0754a420: 2e4c 2b2a | 4183 ed01 | 4e8b 6cec | 084d 85ed | 750e f642 | 0801 7558 | f048 834a | 0801 eb50 
  0x000001fb0754a440: 458b 6d08 | 49ba 0000 | 0015 fb01 | 0000 4d03 | ea4d 8bd5 | 4c33 6a08 | 49f7 c5fc | ffff ff74 
  0x000001fb0754a460: 2f41 f6c5 | 0275 2948 | 837a 0800 | 741e 4883 | 7a08 0174 | 174d 8bea | 4c33 6a08 | 49f7 c5fc 
  0x000001fb0754a480: ffff ff74 | 0b48 834a | 0802 eb04 | 4c89 6a08 | 4883 c210 | 4c8b 6ae8 | 4183 ed02 | 4183 fd02 
  0x000001fb0754a4a0: 0f8c 8400 | 0000 4c8b | 6b08 450f | b76d 2e4c | 2b2a 4183 | ed01 4e8b | 6cec 084d | 85ed 750e 
  0x000001fb0754a4c0: f642 0801 | 7558 f048 | 834a 0801 | eb50 458b | 6d08 49ba | 0000 0015 | fb01 0000 | 4d03 ea4d 
  0x000001fb0754a4e0: 8bd5 4c33 | 6a08 49f7 | c5fc ffff | ff74 2f41 | f6c5 0275 | 2948 837a | 0800 741e | 4883 7a08 
  0x000001fb0754a500: 0174 174d | 8bea 4c33 | 6a08 49f7 | c5fc ffff | ff74 0b48 | 834a 0802 | eb04 4c89 | 6a08 4883 
  0x000001fb0754a520: c210 4c8b | 6ad8 4183 | ed04 41c1 | e503 4903 | d548 8955 | d84c 8d6c | 2408 4c89 | 6df0 ff63 
  0x000001fb0754a540: 5048 b920 | 53ac 0eff | 7f00 0048 | 83e4 f048 | b890 b76e | 0eff 7f00 | 00ff d0f4 | 5b4c 8b6d 
  0x000001fb0754a560: c04c 8b75 | c84e 8d74 | f500 4c8b | c1e8 0500 | 0000 e996 | 0000 0048 | 8d44 2408 | 4c89 6dc0 
  0x000001fb0754a580: 498b cfc5 | f877 4989 | afa8 0300 | 0049 8987 | 9803 0000 | 4883 ec20 | 40f6 c40f | 0f84 1900 
  0x000001fb0754a5a0: 0000 4883 | ec08 48b8 | a009 4a0e | ff7f 0000 | ffd0 4883 | c408 e90c | 0000 0048 | b8a0 094a 
  0x000001fb0754a5c0: 0eff 7f00 | 00ff d048 | 83c4 2049 | c787 9803 | 0000 0000 | 0000 49c7 | 87a8 0300 | 0000 0000 
  0x000001fb0754a5e0: 0049 c787 | a003 0000 | 0000 0000 | c5f8 7749 | 837f 0800 | 0f84 0500 | 0000 e901 | 69fe ff4c 
  0x000001fb0754a600: 8b6d c04c | 8b75 c84e | 8d74 f500 | c348 b920 | 53ac 0eff | 7f00 0048 | 83e4 f048 | b890 b76e 
  0x000001fb0754a620: 0eff 7f00 | 00ff d0f4 | 5b4c 8b6d | c04c 8b75 | c84e 8d74 | f500 e805 | 0000 00e9 | 9900 0000 
  0x000001fb0754a640: 4c8b c048 | 8d44 2408 | 4c89 6dc0 | 498b cfc5 | f877 4989 | afa8 0300 | 0049 8987 | 9803 0000 
  0x000001fb0754a660: 4883 ec20 | 40f6 c40f | 0f84 1900 | 0000 4883 | ec08 48b8 | 800f 4a0e | ff7f 0000 | ffd0 4883 
  0x000001fb0754a680: c408 e90c | 0000 0048 | b880 0f4a | 0eff 7f00 | 00ff d048 | 83c4 2049 | c787 9803 | 0000 0000 
  0x000001fb0754a6a0: 0000 49c7 | 87a8 0300 | 0000 0000 | 0049 c787 | a003 0000 | 0000 0000 | c5f8 7749 | 837f 0800 
  0x000001fb0754a6c0: 0f84 0500 | 0000 e935 | 68fe ff4c | 8b6d c04c | 8b75 c84e | 8d74 f500 | c348 b920 | 53ac 0eff 
  0x000001fb0754a6e0: 7f00 0048 | 83e4 f048 | b890 b76e | 0eff 7f00 | 00ff d0f4 | 0f1f 4000 
[/MachCode]

---------------  P R O C E S S  ---------------

Threads class SMR info:
_java_thread_list=0x000001fb60bf1e10, length=70, elements={
0x000001fb72ddea40, 0x000001fb7f7dd9c0, 0x000001fb7f7e0520, 0x000001fb7f7e3590,
0x000001fb7f7e4f40, 0x000001fb7f7e5cd0, 0x000001fb7f7e9a10, 0x000001fb7f7eb7a0,
0x000001fb7f830090, 0x000001fb7faad070, 0x000001fb7fb0fde0, 0x000001fb5aa42a10,
0x000001fb5b783e50, 0x000001fb5b952280, 0x000001fb5bb795a0, 0x000001fb5bb78f10,
0x000001fb5bb7b670, 0x000001fb5bb7a2c0, 0x000001fb5bb781f0, 0x000001fb5bcee9f0,
0x000001fb5bcef080, 0x000001fb5bcf2b90, 0x000001fb7f8f6c50, 0x000001fb5aa04cb0,
0x000001fb5fc78e70, 0x000001fb5fc79b90, 0x000001fb5dda4f80, 0x000001fb5dda3540,
0x000001fb5dda5ca0, 0x000001fb5dda3bd0, 0x000001fb6073b610, 0x000001fb6073bca0,
0x000001fb6073a260, 0x000001fb5fc78150, 0x000001fb5f54cdb0, 0x000001fb5bcee360,
0x000001fb5bcf2500, 0x000001fb5bcf45d0, 0x000001fb5f54e160, 0x000001fb5f54e7f0,
0x000001fb5f54ee80, 0x000001fb5f54f510, 0x000001fb5f54fba0, 0x000001fb5e3a5d20,
0x000001fb5e3a5690, 0x000001fb5e3a63b0, 0x000001fb5e3a2f30, 0x000001fb5e3a5000,
0x000001fb5e3a35c0, 0x000001fb5e3a3c50, 0x000001fb61a10360, 0x000001fb61a0d570,
0x000001fb61a0f640, 0x000001fb5acd3dd0, 0x000001fb5d524770, 0x000001fb61a0fcd0,
0x000001fb608b3be0, 0x000001fb5acd2a20, 0x000001fb5f197e80, 0x000001fb5d5240e0,
0x000001fb61cf0e10, 0x000001fb5d524e00, 0x000001fb5af05fb0, 0x000001fb5fd57c70,
0x000001fb5fd58300, 0x000001fb5fd56f50, 0x000001fb5f199230, 0x000001fb5ba12000,
0x000001fb5ba15480, 0x000001fb5ba12690
}

Java Threads: ( => current thread )
  0x000001fb72ddea40 JavaThread "main"                              [_thread_blocked, id=24044, stack(0x00000054ca000000,0x00000054ca100000) (1024K)]
  0x000001fb7f7dd9c0 JavaThread "Reference Handler"          daemon [_thread_blocked, id=1248, stack(0x00000054ca800000,0x00000054ca900000) (1024K)]
  0x000001fb7f7e0520 JavaThread "Finalizer"                  daemon [_thread_blocked, id=20832, stack(0x00000054ca900000,0x00000054caa00000) (1024K)]
  0x000001fb7f7e3590 JavaThread "Signal Dispatcher"          daemon [_thread_blocked, id=16984, stack(0x00000054caa00000,0x00000054cab00000) (1024K)]
  0x000001fb7f7e4f40 JavaThread "Attach Listener"            daemon [_thread_blocked, id=9760, stack(0x00000054cab00000,0x00000054cac00000) (1024K)]
  0x000001fb7f7e5cd0 JavaThread "Service Thread"             daemon [_thread_blocked, id=8008, stack(0x00000054cac00000,0x00000054cad00000) (1024K)]
  0x000001fb7f7e9a10 JavaThread "Monitor Deflation Thread"   daemon [_thread_blocked, id=9072, stack(0x00000054cad00000,0x00000054cae00000) (1024K)]
  0x000001fb7f7eb7a0 JavaThread "C2 CompilerThread0"         daemon [_thread_blocked, id=22724, stack(0x00000054cae00000,0x00000054caf00000) (1024K)]
  0x000001fb7f830090 JavaThread "C1 CompilerThread0"         daemon [_thread_blocked, id=20784, stack(0x00000054caf00000,0x00000054cb000000) (1024K)]
  0x000001fb7faad070 JavaThread "Common-Cleaner"             daemon [_thread_blocked, id=20152, stack(0x00000054cb000000,0x00000054cb100000) (1024K)]
  0x000001fb7fb0fde0 JavaThread "Notification Thread"        daemon [_thread_blocked, id=16064, stack(0x00000054cb100000,0x00000054cb200000) (1024K)]
  0x000001fb5aa42a10 JavaThread "Daemon health stats"               [_thread_blocked, id=10880, stack(0x00000054cb300000,0x00000054cb400000) (1024K)]
  0x000001fb5b783e50 JavaThread "Incoming local TCP Connector on port 58151"        [_thread_in_native, id=24280, stack(0x00000054cb800000,0x00000054cb900000) (1024K)]
  0x000001fb5b952280 JavaThread "Daemon periodic checks"            [_thread_blocked, id=1092, stack(0x00000054cb900000,0x00000054cba00000) (1024K)]
  0x000001fb5bb795a0 JavaThread "Cache worker for journal cache (C:\Users\Yuse\.gradle\caches\journal-1)"        [_thread_blocked, id=21328, stack(0x00000054cc500000,0x00000054cc600000) (1024K)]
  0x000001fb5bb78f10 JavaThread "File lock request listener"        [_thread_in_native, id=14864, stack(0x00000054cc600000,0x00000054cc700000) (1024K)]
  0x000001fb5bb7b670 JavaThread "Cache worker for file hash cache (C:\Users\Yuse\.gradle\caches\8.10\fileHashes)"        [_thread_blocked, id=18792, stack(0x00000054cc700000,0x00000054cc800000) (1024K)]
  0x000001fb5bb7a2c0 JavaThread "File watcher server"        daemon [_thread_in_native, id=20928, stack(0x00000054cce00000,0x00000054ccf00000) (1024K)]
  0x000001fb5bb781f0 JavaThread "File watcher consumer"      daemon [_thread_blocked, id=14328, stack(0x00000054ccf00000,0x00000054cd000000) (1024K)]
  0x000001fb5bcee9f0 JavaThread "Cache worker for file content cache (C:\Users\Yuse\.gradle\caches\8.10\fileContent)"        [_thread_blocked, id=20440, stack(0x00000054cd100000,0x00000054cd200000) (1024K)]
  0x000001fb5bcef080 JavaThread "jar transforms"                    [_thread_blocked, id=23224, stack(0x00000054cd400000,0x00000054cd500000) (1024K)]
  0x000001fb5bcf2b90 JavaThread "jar transforms Thread 2"           [_thread_blocked, id=23792, stack(0x00000054cd800000,0x00000054cd900000) (1024K)]
  0x000001fb7f8f6c50 JavaThread "Memory manager"                    [_thread_blocked, id=13596, stack(0x00000054cdc00000,0x00000054cdd00000) (1024K)]
  0x000001fb5aa04cb0 JavaThread "Cache worker for Java compile cache (C:\Users\Yuse\.gradle\caches\8.10\javaCompile)"        [_thread_blocked, id=16656, stack(0x00000054cf300000,0x00000054cf400000) (1024K)]
  0x000001fb5fc78e70 JavaThread "jar transforms Thread 3"           [_thread_blocked, id=22072, stack(0x00000054ccc00000,0x00000054ccd00000) (1024K)]
  0x000001fb5fc79b90 JavaThread "jar transforms Thread 4"           [_thread_blocked, id=25344, stack(0x00000054ccd00000,0x00000054cce00000) (1024K)]
  0x000001fb5dda4f80 JavaThread "jar transforms Thread 5"           [_thread_blocked, id=1832, stack(0x00000054cd000000,0x00000054cd100000) (1024K)]
  0x000001fb5dda3540 JavaThread "jar transforms Thread 6"           [_thread_blocked, id=2172, stack(0x00000054cd500000,0x00000054cd600000) (1024K)]
  0x000001fb5dda5ca0 JavaThread "jar transforms Thread 7"           [_thread_blocked, id=19860, stack(0x00000054cd600000,0x00000054cd700000) (1024K)]
  0x000001fb5dda3bd0 JavaThread "jar transforms Thread 8"           [_thread_blocked, id=8520, stack(0x00000054cd900000,0x00000054cda00000) (1024K)]
  0x000001fb6073b610 JavaThread "jar transforms Thread 9"           [_thread_blocked, id=11732, stack(0x00000054cd300000,0x00000054cd400000) (1024K)]
  0x000001fb6073bca0 JavaThread "jar transforms Thread 10"          [_thread_blocked, id=7832, stack(0x00000054cdd00000,0x00000054cde00000) (1024K)]
  0x000001fb6073a260 JavaThread "ForkJoinPool.commonPool-worker-34" daemon [_thread_blocked, id=7988, stack(0x00000054ce600000,0x00000054ce700000) (1024K)]
  0x000001fb5fc78150 JavaThread "ForkJoinPool.commonPool-worker-37" daemon [_thread_blocked, id=25276, stack(0x00000054ce900000,0x00000054cea00000) (1024K)]
  0x000001fb5f54cdb0 JavaThread "Daemon Thread 8"                   [_thread_blocked, id=10796, stack(0x00000054c9d00000,0x00000054c9e00000) (1024K)]
  0x000001fb5bcee360 JavaThread "Handler for socket connection from /127.0.0.1:58151 to /127.0.0.1:58436"        [_thread_in_native, id=5772, stack(0x00000054c9e00000,0x00000054c9f00000) (1024K)]
  0x000001fb5bcf2500 JavaThread "Cancel handler"                    [_thread_blocked, id=19204, stack(0x00000054c9f00000,0x00000054ca000000) (1024K)]
  0x000001fb5bcf45d0 JavaThread "Daemon worker Thread 7"            [_thread_blocked, id=9248, stack(0x00000054cb200000,0x00000054cb300000) (1024K)]
  0x000001fb5f54e160 JavaThread "Asynchronous log dispatcher for DefaultDaemonConnection: socket connection from /127.0.0.1:58151 to /127.0.0.1:58436"        [_thread_blocked, id=16608, stack(0x00000054cbf00000,0x00000054cc000000) (1024K)]
  0x000001fb5f54e7f0 JavaThread "Stdin handler"                     [_thread_blocked, id=2520, stack(0x00000054cc000000,0x00000054cc100000) (1024K)]
  0x000001fb5f54ee80 JavaThread "Daemon client event forwarder"        [_thread_blocked, id=18304, stack(0x00000054cc100000,0x00000054cc200000) (1024K)]
  0x000001fb5f54f510 JavaThread "Cache worker for file hash cache (C:\Users\Yuse\Desktop\PROYECTO MODS\dragonminez\.gradle\8.10\fileHashes)"        [_thread_blocked, id=20996, stack(0x00000054cc200000,0x00000054cc300000) (1024K)]
  0x000001fb5f54fba0 JavaThread "Cache worker for Build Output Cleanup Cache (C:\Users\Yuse\Desktop\PROYECTO MODS\dragonminez\.gradle\buildOutputCleanup)"        [_thread_blocked, id=15832, stack(0x00000054cc300000,0x00000054cc400000) (1024K)]
  0x000001fb5e3a5d20 JavaThread "Cache worker for checksums cache (C:\Users\Yuse\Desktop\PROYECTO MODS\dragonminez\.gradle\8.10\checksums)"        [_thread_blocked, id=23652, stack(0x00000054cc400000,0x00000054cc500000) (1024K)]
  0x000001fb5e3a5690 JavaThread "Cache worker for cache directory md-rule (C:\Users\Yuse\.gradle\caches\8.10\md-rule)"        [_thread_blocked, id=5704, stack(0x00000054cc800000,0x00000054cc900000) (1024K)]
  0x000001fb5e3a63b0 JavaThread "Cache worker for cache directory md-supplier (C:\Users\Yuse\.gradle\caches\8.10\md-supplier)"        [_thread_blocked, id=9500, stack(0x00000054cc900000,0x00000054cca00000) (1024K)]
  0x000001fb5e3a2f30 JavaThread "Unconstrained build operations"        [_thread_blocked, id=17876, stack(0x00000054cd200000,0x00000054cd300000) (1024K)]
  0x000001fb5e3a5000 JavaThread "Unconstrained build operations Thread 2"        [_thread_blocked, id=21304, stack(0x00000054cd700000,0x00000054cd800000) (1024K)]
  0x000001fb5e3a35c0 JavaThread "Unconstrained build operations Thread 3"        [_thread_blocked, id=16496, stack(0x00000054cda00000,0x00000054cdb00000) (1024K)]
  0x000001fb5e3a3c50 JavaThread "Unconstrained build operations Thread 4"        [_thread_blocked, id=12928, stack(0x00000054cdb00000,0x00000054cdc00000) (1024K)]
  0x000001fb61a10360 JavaThread "Unconstrained build operations Thread 5"        [_thread_blocked, id=14260, stack(0x00000054cdf00000,0x00000054ce000000) (1024K)]
  0x000001fb61a0d570 JavaThread "Unconstrained build operations Thread 6"        [_thread_blocked, id=5972, stack(0x00000054ce000000,0x00000054ce100000) (1024K)]
  0x000001fb61a0f640 JavaThread "Unconstrained build operations Thread 7"        [_thread_blocked, id=25288, stack(0x00000054ce100000,0x00000054ce200000) (1024K)]
  0x000001fb5acd3dd0 JavaThread "ForkJoinPool.commonPool-worker-43" daemon [_thread_blocked, id=18000, stack(0x00000054ce200000,0x00000054ce300000) (1024K)]
  0x000001fb5d524770 JavaThread "ForkJoinPool.commonPool-worker-44" daemon [_thread_blocked, id=8068, stack(0x00000054ce300000,0x00000054ce400000) (1024K)]
  0x000001fb61a0fcd0 JavaThread "ForkJoinPool.commonPool-worker-45" daemon [_thread_blocked, id=11256, stack(0x00000054ce400000,0x00000054ce500000) (1024K)]
  0x000001fb608b3be0 JavaThread "ForkJoinPool.commonPool-worker-46" daemon [_thread_blocked, id=13812, stack(0x00000054ce500000,0x00000054ce600000) (1024K)]
  0x000001fb5acd2a20 JavaThread "ForkJoinPool.commonPool-worker-49" daemon [_thread_blocked, id=24756, stack(0x00000054ce700000,0x00000054ce800000) (1024K)]
  0x000001fb5f197e80 JavaThread "ForkJoinPool.commonPool-worker-48" daemon [_thread_blocked, id=19040, stack(0x00000054ce800000,0x00000054ce900000) (1024K)]
  0x000001fb5d5240e0 JavaThread "ForkJoinPool.commonPool-worker-47" daemon [_thread_blocked, id=25392, stack(0x00000054cea00000,0x00000054ceb00000) (1024K)]
=>0x000001fb61cf0e10 JavaThread "included builds"                   [_thread_in_Java, id=25152, stack(0x00000054ceb00000,0x00000054cec00000) (1024K)]
  0x000001fb5d524e00 JavaThread "Execution worker"                  [_thread_blocked, id=23204, stack(0x00000054cec00000,0x00000054ced00000) (1024K)]
  0x000001fb5af05fb0 JavaThread "Cache worker for execution history cache (C:\Users\Yuse\Desktop\PROYECTO MODS\dragonminez\.gradle\8.10\executionHistory)"        [_thread_blocked, id=23496, stack(0x00000054ced00000,0x00000054cee00000) (1024K)]
  0x000001fb5fd57c70 JavaThread "Unconstrained build operations Thread 8"        [_thread_blocked, id=1096, stack(0x00000054cee00000,0x00000054cef00000) (1024K)]
  0x000001fb5fd58300 JavaThread "Unconstrained build operations Thread 9"        [_thread_blocked, id=2628, stack(0x00000054cef00000,0x00000054cf000000) (1024K)]
  0x000001fb5fd56f50 JavaThread "Build operations"                  [_thread_blocked, id=6848, stack(0x00000054cf200000,0x00000054cf300000) (1024K)]
  0x000001fb5f199230 JavaThread "Exec process Thread 18"            [_thread_blocked, id=9052, stack(0x00000054cf100000,0x00000054cf200000) (1024K)]
  0x000001fb5ba12000 JavaThread "Exec process Thread 19"            [_thread_blocked, id=13428, stack(0x00000054cf500000,0x00000054cf600000) (1024K)]
  0x000001fb5ba15480 JavaThread "Exec process Thread 20"            [_thread_blocked, id=1468, stack(0x00000054cf600000,0x00000054cf700000) (1024K)]
  0x000001fb5ba12690 JavaThread "Exec process Thread 21"            [_thread_blocked, id=21112, stack(0x00000054cf700000,0x00000054cf800000) (1024K)]
Total: 70

Other Threads:
  0x000001fb7f7be2b0 VMThread "VM Thread"                           [id=24156, stack(0x00000054ca700000,0x00000054ca800000) (1024K)]
  0x000001fb7f7afe10 WatcherThread "VM Periodic Task Thread"        [id=20100, stack(0x00000054ca600000,0x00000054ca700000) (1024K)]
  0x000001fb72e49250 WorkerThread "GC Thread#0"                     [id=18892, stack(0x00000054ca100000,0x00000054ca200000) (1024K)]
  0x000001fb5a231cb0 WorkerThread "GC Thread#1"                     [id=14164, stack(0x00000054cb400000,0x00000054cb500000) (1024K)]
  0x000001fb5a232050 WorkerThread "GC Thread#2"                     [id=8988, stack(0x00000054cb500000,0x00000054cb600000) (1024K)]
  0x000001fb5a23a550 WorkerThread "GC Thread#3"                     [id=15548, stack(0x00000054cb600000,0x00000054cb700000) (1024K)]
  0x000001fb5a23a8f0 WorkerThread "GC Thread#4"                     [id=7884, stack(0x00000054cb700000,0x00000054cb800000) (1024K)]
  0x000001fb5b910430 WorkerThread "GC Thread#5"                     [id=5060, stack(0x00000054cba00000,0x00000054cbb00000) (1024K)]
  0x000001fb5b9107d0 WorkerThread "GC Thread#6"                     [id=13052, stack(0x00000054cbb00000,0x00000054cbc00000) (1024K)]
  0x000001fb5ba1a750 WorkerThread "GC Thread#7"                     [id=22372, stack(0x00000054cbc00000,0x00000054cbd00000) (1024K)]
  0x000001fb5ba1a010 WorkerThread "GC Thread#8"                     [id=8500, stack(0x00000054cbd00000,0x00000054cbe00000) (1024K)]
  0x000001fb5ba1b970 WorkerThread "GC Thread#9"                     [id=4712, stack(0x00000054cbe00000,0x00000054cbf00000) (1024K)]
  0x000001fb72e5a140 ConcurrentGCThread "G1 Main Marker"            [id=22660, stack(0x00000054ca200000,0x00000054ca300000) (1024K)]
  0x000001fb72e5b9d0 WorkerThread "G1 Conc#0"                       [id=1544, stack(0x00000054ca300000,0x00000054ca400000) (1024K)]
  0x000001fb5ba1aaf0 WorkerThread "G1 Conc#1"                       [id=3384, stack(0x00000054cca00000,0x00000054ccb00000) (1024K)]
  0x000001fb5c6fb7f0 WorkerThread "G1 Conc#2"                       [id=13676, stack(0x00000054ccb00000,0x00000054ccc00000) (1024K)]
  0x000001fb72e9ea90 ConcurrentGCThread "G1 Refine#0"               [id=4044, stack(0x00000054ca400000,0x00000054ca500000) (1024K)]
  0x000001fb7f671140 ConcurrentGCThread "G1 Service"                [id=3688, stack(0x00000054ca500000,0x00000054ca600000) (1024K)]
Total: 18

Threads with active compile tasks:
Total: 0

VM state: not at safepoint (normal execution)

VM Mutex/Monitor currently owned by a thread: None

Heap address: 0x0000000700000000, size: 4096 MB, Compressed Oops mode: Zero based, Oop shift amount: 3

CDS archive(s) mapped at: [0x000001fb15000000-0x000001fb15c80000-0x000001fb15c80000), size 13107200, SharedBaseAddress: 0x000001fb15000000, ArchiveRelocationMode: 1.
Compressed class space mapped at: 0x000001fb16000000-0x000001fb56000000, reserved size: 1073741824
Narrow klass base: 0x000001fb15000000, Narrow klass shift: 0, Narrow klass range: 0x100000000

GC Precious Log:
 CardTable entry size: 512
 Card Set container configuration: InlinePtr #cards 4 size 8 Array Of Cards #cards 16 size 48 Howl #buckets 8 coarsen threshold 3686 Howl Bitmap #cards 512 size 80 coarsen threshold 460 Card regions per heap region 1 cards per card region 4096
 CPUs: 12 total, 12 available
 Memory: 13947M
 Large Page Support: Disabled
 NUMA Support: Disabled
 Compressed Oops: Enabled (Zero based)
 Heap Region Size: 2M
 Heap Min Capacity: 8M
 Heap Initial Capacity: 218M
 Heap Max Capacity: 4G
 Pre-touch: Disabled
 Parallel Workers: 10
 Concurrent Workers: 3
 Concurrent Refinement Workers: 10
 Periodic GC: Disabled

Heap:
 garbage-first heap   total 1093632K, used 442997K [0x0000000700000000, 0x0000000800000000)
  region size 2048K, 6 young (12288K), 4 survivors (8192K)
 Metaspace       used 98864K, committed 101376K, reserved 1179648K
  class space    used 13557K, committed 14784K, reserved 1048576K

Heap Regions: E=young(eden), S=young(survivor), O=old, HS=humongous(starts), HC=humongous(continues), CS=collection set, F=free, TAMS=top-at-mark-start, PB=parsable bottom
|   0|0x0000000700000000, 0x0000000700200000, 0x0000000700200000|100%|HS|  |TAMS 0x0000000700200000| PB 0x0000000700000000| Complete 
|   1|0x0000000700200000, 0x0000000700400000, 0x0000000700400000|100%|HC|  |TAMS 0x0000000700400000| PB 0x0000000700200000| Complete 
|   2|0x0000000700400000, 0x0000000700600000, 0x0000000700600000|100%| O|  |TAMS 0x0000000700600000| PB 0x0000000700400000| Untracked 
|   3|0x0000000700600000, 0x0000000700800000, 0x0000000700800000|100%| O|  |TAMS 0x0000000700800000| PB 0x0000000700600000| Untracked 
|   4|0x0000000700800000, 0x0000000700a00000, 0x0000000700a00000|100%| O|  |TAMS 0x0000000700a00000| PB 0x0000000700800000| Untracked 
|   5|0x0000000700a00000, 0x0000000700c00000, 0x0000000700c00000|100%| O|  |TAMS 0x0000000700c00000| PB 0x0000000700a00000| Untracked 
|   6|0x0000000700c00000, 0x0000000700e00000, 0x0000000700e00000|100%| O|  |TAMS 0x0000000700e00000| PB 0x0000000700c00000| Untracked 
|   7|0x0000000700e00000, 0x0000000701000000, 0x0000000701000000|100%| O|  |TAMS 0x0000000701000000| PB 0x0000000700e00000| Untracked 
|   8|0x0000000701000000, 0x0000000701200000, 0x0000000701200000|100%| O|  |TAMS 0x0000000701200000| PB 0x0000000701000000| Untracked 
|   9|0x0000000701200000, 0x0000000701400000, 0x0000000701400000|100%| O|  |TAMS 0x0000000701400000| PB 0x0000000701200000| Untracked 
|  10|0x0000000701400000, 0x0000000701600000, 0x0000000701600000|100%| O|  |TAMS 0x0000000701600000| PB 0x0000000701400000| Untracked 
|  11|0x0000000701600000, 0x0000000701800000, 0x0000000701800000|100%| O|  |TAMS 0x0000000701800000| PB 0x0000000701600000| Untracked 
|  12|0x0000000701800000, 0x0000000701a00000, 0x0000000701a00000|100%| O|  |TAMS 0x0000000701a00000| PB 0x0000000701800000| Untracked 
|  13|0x0000000701a00000, 0x0000000701c00000, 0x0000000701c00000|100%| O|  |TAMS 0x0000000701c00000| PB 0x0000000701a00000| Untracked 
|  14|0x0000000701c00000, 0x0000000701e00000, 0x0000000701e00000|100%| O|  |TAMS 0x0000000701e00000| PB 0x0000000701c00000| Untracked 
|  15|0x0000000701e00000, 0x0000000702000000, 0x0000000702000000|100%| O|  |TAMS 0x0000000702000000| PB 0x0000000701e00000| Untracked 
|  16|0x0000000702000000, 0x0000000702200000, 0x0000000702200000|100%| O|  |TAMS 0x0000000702200000| PB 0x0000000702000000| Untracked 
|  17|0x0000000702200000, 0x0000000702400000, 0x0000000702400000|100%| O|  |TAMS 0x0000000702200000| PB 0x0000000702200000| Untracked 
|  18|0x0000000702400000, 0x0000000702600000, 0x0000000702600000|100%| O|  |TAMS 0x0000000702400000| PB 0x0000000702400000| Untracked 
|  19|0x0000000702600000, 0x0000000702800000, 0x0000000702800000|100%|HS|  |TAMS 0x0000000702800000| PB 0x0000000702600000| Complete 
|  20|0x0000000702800000, 0x0000000702a00000, 0x0000000702a00000|100%| O|  |TAMS 0x0000000702a00000| PB 0x0000000702800000| Untracked 
|  21|0x0000000702a00000, 0x0000000702c00000, 0x0000000702c00000|100%| O|  |TAMS 0x0000000702c00000| PB 0x0000000702a00000| Untracked 
|  22|0x0000000702c00000, 0x0000000702e00000, 0x0000000702e00000|100%| O|  |TAMS 0x0000000702e00000| PB 0x0000000702c00000| Untracked 
|  23|0x0000000702e00000, 0x0000000703000000, 0x0000000703000000|100%| O|  |TAMS 0x0000000703000000| PB 0x0000000702e00000| Untracked 
|  24|0x0000000703000000, 0x0000000703200000, 0x0000000703200000|100%| O|  |TAMS 0x0000000703200000| PB 0x0000000703000000| Untracked 
|  25|0x0000000703200000, 0x0000000703400000, 0x0000000703400000|100%| O|  |TAMS 0x0000000703400000| PB 0x0000000703200000| Untracked 
|  26|0x0000000703400000, 0x0000000703600000, 0x0000000703600000|100%| O|  |TAMS 0x0000000703600000| PB 0x0000000703400000| Untracked 
|  27|0x0000000703600000, 0x0000000703800000, 0x0000000703800000|100%| O|  |TAMS 0x0000000703800000| PB 0x0000000703600000| Untracked 
|  28|0x0000000703800000, 0x0000000703a00000, 0x0000000703a00000|100%| O|  |TAMS 0x0000000703a00000| PB 0x0000000703800000| Untracked 
|  29|0x0000000703a00000, 0x0000000703c00000, 0x0000000703c00000|100%| O|  |TAMS 0x0000000703c00000| PB 0x0000000703a00000| Untracked 
|  30|0x0000000703c00000, 0x0000000703e00000, 0x0000000703e00000|100%| O|  |TAMS 0x0000000703e00000| PB 0x0000000703c00000| Untracked 
|  31|0x0000000703e00000, 0x0000000704000000, 0x0000000704000000|100%| O|  |TAMS 0x0000000704000000| PB 0x0000000703e00000| Untracked 
|  32|0x0000000704000000, 0x0000000704200000, 0x0000000704200000|100%| O|  |TAMS 0x0000000704200000| PB 0x0000000704000000| Untracked 
|  33|0x0000000704200000, 0x0000000704400000, 0x0000000704400000|100%| O|  |TAMS 0x0000000704400000| PB 0x0000000704200000| Untracked 
|  34|0x0000000704400000, 0x0000000704600000, 0x0000000704600000|100%| O|  |TAMS 0x0000000704600000| PB 0x0000000704400000| Untracked 
|  35|0x0000000704600000, 0x0000000704800000, 0x0000000704800000|100%| O|  |TAMS 0x0000000704600000| PB 0x0000000704600000| Untracked 
|  36|0x0000000704800000, 0x0000000704a00000, 0x0000000704a00000|100%| O|  |TAMS 0x0000000704800000| PB 0x0000000704800000| Untracked 
|  37|0x0000000704a00000, 0x0000000704c00000, 0x0000000704c00000|100%| O|  |TAMS 0x0000000704a00000| PB 0x0000000704a00000| Untracked 
|  38|0x0000000704c00000, 0x0000000704e00000, 0x0000000704e00000|100%| O|  |TAMS 0x0000000704c00000| PB 0x0000000704c00000| Untracked 
|  39|0x0000000704e00000, 0x0000000705000000, 0x0000000705000000|100%| O|  |TAMS 0x0000000704e00000| PB 0x0000000704e00000| Untracked 
|  40|0x0000000705000000, 0x0000000705200000, 0x0000000705200000|100%| O|  |TAMS 0x0000000705000000| PB 0x0000000705000000| Untracked 
|  41|0x0000000705200000, 0x0000000705400000, 0x0000000705400000|100%| O|  |TAMS 0x0000000705200000| PB 0x0000000705200000| Untracked 
|  42|0x0000000705400000, 0x0000000705600000, 0x0000000705600000|100%| O|  |TAMS 0x0000000705400000| PB 0x0000000705400000| Untracked 
|  43|0x0000000705600000, 0x0000000705800000, 0x0000000705800000|100%| O|  |TAMS 0x0000000705800000| PB 0x0000000705600000| Untracked 
|  44|0x0000000705800000, 0x0000000705a00000, 0x0000000705a00000|100%| O|  |TAMS 0x0000000705a00000| PB 0x0000000705800000| Untracked 
|  45|0x0000000705a00000, 0x0000000705c00000, 0x0000000705c00000|100%| O|  |TAMS 0x0000000705c00000| PB 0x0000000705a00000| Untracked 
|  46|0x0000000705c00000, 0x0000000705e00000, 0x0000000705e00000|100%| O|  |TAMS 0x0000000705e00000| PB 0x0000000705c00000| Untracked 
|  47|0x0000000705e00000, 0x0000000706000000, 0x0000000706000000|100%| O|  |TAMS 0x0000000706000000| PB 0x0000000705e00000| Untracked 
|  48|0x0000000706000000, 0x0000000706200000, 0x0000000706200000|100%| O|  |TAMS 0x0000000706200000| PB 0x0000000706000000| Untracked 
|  49|0x0000000706200000, 0x0000000706400000, 0x0000000706400000|100%| O|  |TAMS 0x0000000706400000| PB 0x0000000706200000| Untracked 
|  50|0x0000000706400000, 0x0000000706600000, 0x0000000706600000|100%| O|  |TAMS 0x0000000706600000| PB 0x0000000706400000| Untracked 
|  51|0x0000000706600000, 0x0000000706800000, 0x0000000706800000|100%| O|  |TAMS 0x0000000706800000| PB 0x0000000706600000| Untracked 
|  52|0x0000000706800000, 0x0000000706a00000, 0x0000000706a00000|100%| O|  |TAMS 0x0000000706800000| PB 0x0000000706800000| Untracked 
|  53|0x0000000706a00000, 0x0000000706c00000, 0x0000000706c00000|100%| O|  |TAMS 0x0000000706a00000| PB 0x0000000706a00000| Untracked 
|  54|0x0000000706c00000, 0x0000000706e00000, 0x0000000706e00000|100%| O|  |TAMS 0x0000000706c00000| PB 0x0000000706c00000| Untracked 
|  55|0x0000000706e00000, 0x0000000707000000, 0x0000000707000000|100%| O|  |TAMS 0x0000000707000000| PB 0x0000000706e00000| Untracked 
|  56|0x0000000707000000, 0x0000000707200000, 0x0000000707200000|100%| O|  |TAMS 0x0000000707200000| PB 0x0000000707000000| Untracked 
|  57|0x0000000707200000, 0x0000000707400000, 0x0000000707400000|100%| O|  |TAMS 0x0000000707400000| PB 0x0000000707200000| Untracked 
|  58|0x0000000707400000, 0x0000000707600000, 0x0000000707600000|100%| O|  |TAMS 0x0000000707600000| PB 0x0000000707400000| Untracked 
|  59|0x0000000707600000, 0x0000000707800000, 0x0000000707800000|100%| O|  |TAMS 0x0000000707800000| PB 0x0000000707600000| Untracked 
|  60|0x0000000707800000, 0x0000000707a00000, 0x0000000707a00000|100%| O|  |TAMS 0x0000000707a00000| PB 0x0000000707800000| Untracked 
|  61|0x0000000707a00000, 0x0000000707c00000, 0x0000000707c00000|100%| O|  |TAMS 0x0000000707a00000| PB 0x0000000707a00000| Untracked 
|  62|0x0000000707c00000, 0x0000000707e00000, 0x0000000707e00000|100%| O|  |TAMS 0x0000000707e00000| PB 0x0000000707c00000| Untracked 
|  63|0x0000000707e00000, 0x0000000708000000, 0x0000000708000000|100%| O|  |TAMS 0x0000000708000000| PB 0x0000000707e00000| Untracked 
|  64|0x0000000708000000, 0x0000000708200000, 0x0000000708200000|100%| O|  |TAMS 0x0000000708200000| PB 0x0000000708000000| Untracked 
|  65|0x0000000708200000, 0x0000000708400000, 0x0000000708400000|100%| O|  |TAMS 0x0000000708400000| PB 0x0000000708200000| Untracked 
|  66|0x0000000708400000, 0x0000000708600000, 0x0000000708600000|100%| O|  |TAMS 0x0000000708400000| PB 0x0000000708400000| Untracked 
|  67|0x0000000708600000, 0x0000000708800000, 0x0000000708800000|100%| O|  |TAMS 0x0000000708600000| PB 0x0000000708600000| Untracked 
|  68|0x0000000708800000, 0x0000000708a00000, 0x0000000708a00000|100%| O|  |TAMS 0x0000000708800000| PB 0x0000000708800000| Untracked 
|  69|0x0000000708a00000, 0x0000000708c00000, 0x0000000708c00000|100%| O|  |TAMS 0x0000000708c00000| PB 0x0000000708a00000| Untracked 
|  70|0x0000000708c00000, 0x0000000708e00000, 0x0000000708e00000|100%| O|  |TAMS 0x0000000708e00000| PB 0x0000000708c00000| Untracked 
|  71|0x0000000708e00000, 0x0000000709000000, 0x0000000709000000|100%| O|  |TAMS 0x0000000708e00000| PB 0x0000000708e00000| Untracked 
|  72|0x0000000709000000, 0x0000000709200000, 0x0000000709200000|100%| O|  |TAMS 0x0000000709000000| PB 0x0000000709000000| Untracked 
|  73|0x0000000709200000, 0x0000000709400000, 0x0000000709400000|100%| O|  |TAMS 0x0000000709200000| PB 0x0000000709200000| Untracked 
|  74|0x0000000709400000, 0x0000000709600000, 0x0000000709600000|100%| O|  |TAMS 0x0000000709400000| PB 0x0000000709400000| Untracked 
|  75|0x0000000709600000, 0x0000000709800000, 0x0000000709800000|100%| O|  |TAMS 0x0000000709600000| PB 0x0000000709600000| Untracked 
|  76|0x0000000709800000, 0x0000000709a00000, 0x0000000709a00000|100%| O|  |TAMS 0x0000000709800000| PB 0x0000000709800000| Untracked 
|  77|0x0000000709a00000, 0x0000000709afa300, 0x0000000709c00000| 48%| O|  |TAMS 0x0000000709a00000| PB 0x0000000709a00000| Untracked 
|  78|0x0000000709c00000, 0x0000000709e00000, 0x0000000709e00000|100%|HS|  |TAMS 0x0000000709c00000| PB 0x0000000709c00000| Complete 
|  79|0x0000000709e00000, 0x000000070a000000, 0x000000070a000000|100%|HS|  |TAMS 0x0000000709e00000| PB 0x0000000709e00000| Complete 
|  80|0x000000070a000000, 0x000000070a200000, 0x000000070a200000|100%| O|  |TAMS 0x000000070a200000| PB 0x000000070a000000| Untracked 
|  81|0x000000070a200000, 0x000000070a400000, 0x000000070a400000|100%| O|  |TAMS 0x000000070a400000| PB 0x000000070a200000| Untracked 
|  82|0x000000070a400000, 0x000000070a600000, 0x000000070a600000|100%| O|  |TAMS 0x000000070a600000| PB 0x000000070a400000| Untracked 
|  83|0x000000070a600000, 0x000000070a800000, 0x000000070a800000|100%| O|  |TAMS 0x000000070a800000| PB 0x000000070a600000| Untracked 
|  84|0x000000070a800000, 0x000000070aa00000, 0x000000070aa00000|100%| O|  |TAMS 0x000000070aa00000| PB 0x000000070a800000| Untracked 
|  85|0x000000070aa00000, 0x000000070ac00000, 0x000000070ac00000|100%| O|  |TAMS 0x000000070ac00000| PB 0x000000070aa00000| Untracked 
|  86|0x000000070ac00000, 0x000000070ae00000, 0x000000070ae00000|100%| O|  |TAMS 0x000000070ae00000| PB 0x000000070ac00000| Untracked 
|  87|0x000000070ae00000, 0x000000070b000000, 0x000000070b000000|100%| O|  |TAMS 0x000000070b000000| PB 0x000000070ae00000| Untracked 
|  88|0x000000070b000000, 0x000000070b200000, 0x000000070b200000|100%| O|  |TAMS 0x000000070b200000| PB 0x000000070b000000| Untracked 
|  89|0x000000070b200000, 0x000000070b400000, 0x000000070b400000|100%| O|  |TAMS 0x000000070b400000| PB 0x000000070b200000| Untracked 
|  90|0x000000070b400000, 0x000000070b600000, 0x000000070b600000|100%| O|  |TAMS 0x000000070b600000| PB 0x000000070b400000| Untracked 
|  91|0x000000070b600000, 0x000000070b800000, 0x000000070b800000|100%| O|  |TAMS 0x000000070b800000| PB 0x000000070b600000| Untracked 
|  92|0x000000070b800000, 0x000000070ba00000, 0x000000070ba00000|100%| O|  |TAMS 0x000000070ba00000| PB 0x000000070b800000| Untracked 
|  93|0x000000070ba00000, 0x000000070bc00000, 0x000000070bc00000|100%| O|  |TAMS 0x000000070bc00000| PB 0x000000070ba00000| Untracked 
|  94|0x000000070bc00000, 0x000000070be00000, 0x000000070be00000|100%|HS|  |TAMS 0x000000070bc00000| PB 0x000000070bc00000| Complete 
|  95|0x000000070be00000, 0x000000070c000000, 0x000000070c000000|100%|HS|  |TAMS 0x000000070be00000| PB 0x000000070be00000| Complete 
|  96|0x000000070c000000, 0x000000070c000000, 0x000000070c200000|  0%| F|  |TAMS 0x000000070c000000| PB 0x000000070c000000| Untracked 
|  97|0x000000070c200000, 0x000000070c200000, 0x000000070c400000|  0%| F|  |TAMS 0x000000070c200000| PB 0x000000070c200000| Untracked 
|  98|0x000000070c400000, 0x000000070c400000, 0x000000070c600000|  0%| F|  |TAMS 0x000000070c400000| PB 0x000000070c400000| Untracked 
|  99|0x000000070c600000, 0x000000070c600000, 0x000000070c800000|  0%| F|  |TAMS 0x000000070c600000| PB 0x000000070c600000| Untracked 
| 100|0x000000070c800000, 0x000000070c800000, 0x000000070ca00000|  0%| F|  |TAMS 0x000000070c800000| PB 0x000000070c800000| Untracked 
| 101|0x000000070ca00000, 0x000000070ca00000, 0x000000070cc00000|  0%| F|  |TAMS 0x000000070ca00000| PB 0x000000070ca00000| Untracked 
| 102|0x000000070cc00000, 0x000000070cc00000, 0x000000070ce00000|  0%| F|  |TAMS 0x000000070cc00000| PB 0x000000070cc00000| Untracked 
| 103|0x000000070ce00000, 0x000000070ce00000, 0x000000070d000000|  0%| F|  |TAMS 0x000000070ce00000| PB 0x000000070ce00000| Untracked 
| 104|0x000000070d000000, 0x000000070d000000, 0x000000070d200000|  0%| F|  |TAMS 0x000000070d000000| PB 0x000000070d000000| Untracked 
| 105|0x000000070d200000, 0x000000070d200000, 0x000000070d400000|  0%| F|  |TAMS 0x000000070d200000| PB 0x000000070d200000| Untracked 
| 106|0x000000070d400000, 0x000000070d400000, 0x000000070d600000|  0%| F|  |TAMS 0x000000070d400000| PB 0x000000070d400000| Untracked 
| 107|0x000000070d600000, 0x000000070d600000, 0x000000070d800000|  0%| F|  |TAMS 0x000000070d600000| PB 0x000000070d600000| Untracked 
| 108|0x000000070d800000, 0x000000070d800000, 0x000000070da00000|  0%| F|  |TAMS 0x000000070d800000| PB 0x000000070d800000| Untracked 
| 109|0x000000070da00000, 0x000000070dc00000, 0x000000070dc00000|100%| O|  |TAMS 0x000000070dc00000| PB 0x000000070da00000| Untracked 
| 110|0x000000070dc00000, 0x000000070de00000, 0x000000070de00000|100%| O|  |TAMS 0x000000070de00000| PB 0x000000070dc00000| Untracked 
| 111|0x000000070de00000, 0x000000070e000000, 0x000000070e000000|100%| O|  |TAMS 0x000000070e000000| PB 0x000000070de00000| Untracked 
| 112|0x000000070e000000, 0x000000070e200000, 0x000000070e200000|100%| O|  |TAMS 0x000000070e200000| PB 0x000000070e000000| Untracked 
| 113|0x000000070e200000, 0x000000070e400000, 0x000000070e400000|100%|HS|  |TAMS 0x000000070e400000| PB 0x000000070e200000| Complete 
| 114|0x000000070e400000, 0x000000070e600000, 0x000000070e600000|100%| O|  |TAMS 0x000000070e600000| PB 0x000000070e400000| Untracked 
| 115|0x000000070e600000, 0x000000070e800000, 0x000000070e800000|100%| O|  |TAMS 0x000000070e800000| PB 0x000000070e600000| Untracked 
| 116|0x000000070e800000, 0x000000070ea00000, 0x000000070ea00000|100%| O|  |TAMS 0x000000070ea00000| PB 0x000000070e800000| Untracked 
| 117|0x000000070ea00000, 0x000000070ec00000, 0x000000070ec00000|100%| O|  |TAMS 0x000000070ec00000| PB 0x000000070ea00000| Untracked 
| 118|0x000000070ec00000, 0x000000070ee00000, 0x000000070ee00000|100%| O|  |TAMS 0x000000070ee00000| PB 0x000000070ec00000| Untracked 
| 119|0x000000070ee00000, 0x000000070f000000, 0x000000070f000000|100%| O|  |TAMS 0x000000070f000000| PB 0x000000070ee00000| Untracked 
| 120|0x000000070f000000, 0x000000070f200000, 0x000000070f200000|100%| O|  |TAMS 0x000000070f200000| PB 0x000000070f000000| Untracked 
| 121|0x000000070f200000, 0x000000070f400000, 0x000000070f400000|100%| O|  |TAMS 0x000000070f400000| PB 0x000000070f200000| Untracked 
| 122|0x000000070f400000, 0x000000070f600000, 0x000000070f600000|100%| O|  |TAMS 0x000000070f600000| PB 0x000000070f400000| Untracked 
| 123|0x000000070f600000, 0x000000070f800000, 0x000000070f800000|100%| O|  |TAMS 0x000000070f800000| PB 0x000000070f600000| Untracked 
| 124|0x000000070f800000, 0x000000070fa00000, 0x000000070fa00000|100%| O|  |TAMS 0x000000070fa00000| PB 0x000000070f800000| Untracked 
| 125|0x000000070fa00000, 0x000000070fc00000, 0x000000070fc00000|100%| O|  |TAMS 0x000000070fc00000| PB 0x000000070fa00000| Untracked 
| 126|0x000000070fc00000, 0x000000070fe00000, 0x000000070fe00000|100%| O|  |TAMS 0x000000070fe00000| PB 0x000000070fc00000| Untracked 
| 127|0x000000070fe00000, 0x0000000710000000, 0x0000000710000000|100%| O|  |TAMS 0x0000000710000000| PB 0x000000070fe00000| Untracked 
| 128|0x0000000710000000, 0x0000000710200000, 0x0000000710200000|100%| O|  |TAMS 0x0000000710200000| PB 0x0000000710000000| Untracked 
| 129|0x0000000710200000, 0x0000000710400000, 0x0000000710400000|100%| O|  |TAMS 0x0000000710400000| PB 0x0000000710200000| Untracked 
| 130|0x0000000710400000, 0x0000000710600000, 0x0000000710600000|100%| O|  |TAMS 0x0000000710600000| PB 0x0000000710400000| Untracked 
| 131|0x0000000710600000, 0x0000000710800000, 0x0000000710800000|100%| O|  |TAMS 0x0000000710800000| PB 0x0000000710600000| Untracked 
| 132|0x0000000710800000, 0x0000000710a00000, 0x0000000710a00000|100%| O|  |TAMS 0x0000000710a00000| PB 0x0000000710800000| Untracked 
| 133|0x0000000710a00000, 0x0000000710c00000, 0x0000000710c00000|100%| O|  |TAMS 0x0000000710c00000| PB 0x0000000710a00000| Untracked 
| 134|0x0000000710c00000, 0x0000000710e00000, 0x0000000710e00000|100%| O|  |TAMS 0x0000000710e00000| PB 0x0000000710c00000| Untracked 
| 135|0x0000000710e00000, 0x0000000711000000, 0x0000000711000000|100%| O|  |TAMS 0x0000000711000000| PB 0x0000000710e00000| Untracked 
| 136|0x0000000711000000, 0x0000000711200000, 0x0000000711200000|100%| O|  |TAMS 0x0000000711200000| PB 0x0000000711000000| Untracked 
| 137|0x0000000711200000, 0x0000000711200000, 0x0000000711400000|  0%| F|  |TAMS 0x0000000711200000| PB 0x0000000711200000| Untracked 
| 138|0x0000000711400000, 0x0000000711600000, 0x0000000711600000|100%| O|  |TAMS 0x0000000711600000| PB 0x0000000711400000| Untracked 
| 139|0x0000000711600000, 0x0000000711600000, 0x0000000711800000|  0%| F|  |TAMS 0x0000000711600000| PB 0x0000000711600000| Untracked 
| 140|0x0000000711800000, 0x0000000711a00000, 0x0000000711a00000|100%| O|  |TAMS 0x0000000711a00000| PB 0x0000000711800000| Untracked 
| 141|0x0000000711a00000, 0x0000000711a00000, 0x0000000711c00000|  0%| F|  |TAMS 0x0000000711a00000| PB 0x0000000711a00000| Untracked 
| 142|0x0000000711c00000, 0x0000000711c00000, 0x0000000711e00000|  0%| F|  |TAMS 0x0000000711c00000| PB 0x0000000711c00000| Untracked 
| 143|0x0000000711e00000, 0x0000000711e00000, 0x0000000712000000|  0%| F|  |TAMS 0x0000000711e00000| PB 0x0000000711e00000| Untracked 
| 144|0x0000000712000000, 0x0000000712000000, 0x0000000712200000|  0%| F|  |TAMS 0x0000000712000000| PB 0x0000000712000000| Untracked 
| 145|0x0000000712200000, 0x0000000712200000, 0x0000000712400000|  0%| F|  |TAMS 0x0000000712200000| PB 0x0000000712200000| Untracked 
| 146|0x0000000712400000, 0x0000000712400000, 0x0000000712600000|  0%| F|  |TAMS 0x0000000712400000| PB 0x0000000712400000| Untracked 
| 147|0x0000000712600000, 0x0000000712800000, 0x0000000712800000|100%| O|  |TAMS 0x0000000712800000| PB 0x0000000712600000| Untracked 
| 148|0x0000000712800000, 0x0000000712a00000, 0x0000000712a00000|100%| O|  |TAMS 0x0000000712a00000| PB 0x0000000712800000| Untracked 
| 149|0x0000000712a00000, 0x0000000712c00000, 0x0000000712c00000|100%| O|  |TAMS 0x0000000712c00000| PB 0x0000000712a00000| Untracked 
| 150|0x0000000712c00000, 0x0000000712e00000, 0x0000000712e00000|100%| O|  |TAMS 0x0000000712e00000| PB 0x0000000712c00000| Untracked 
| 151|0x0000000712e00000, 0x0000000713000000, 0x0000000713000000|100%| O|  |TAMS 0x0000000713000000| PB 0x0000000712e00000| Untracked 
| 152|0x0000000713000000, 0x0000000713200000, 0x0000000713200000|100%| O|  |TAMS 0x0000000713200000| PB 0x0000000713000000| Untracked 
| 153|0x0000000713200000, 0x0000000713400000, 0x0000000713400000|100%| O|  |TAMS 0x0000000713400000| PB 0x0000000713200000| Untracked 
| 154|0x0000000713400000, 0x0000000713600000, 0x0000000713600000|100%| O|  |TAMS 0x0000000713600000| PB 0x0000000713400000| Untracked 
| 155|0x0000000713600000, 0x0000000713800000, 0x0000000713800000|100%| O|  |TAMS 0x0000000713800000| PB 0x0000000713600000| Untracked 
| 156|0x0000000713800000, 0x0000000713a00000, 0x0000000713a00000|100%| O|  |TAMS 0x0000000713a00000| PB 0x0000000713800000| Untracked 
| 157|0x0000000713a00000, 0x0000000713c00000, 0x0000000713c00000|100%| O|  |TAMS 0x0000000713c00000| PB 0x0000000713a00000| Untracked 
| 158|0x0000000713c00000, 0x0000000713e00000, 0x0000000713e00000|100%| O|  |TAMS 0x0000000713e00000| PB 0x0000000713c00000| Untracked 
| 159|0x0000000713e00000, 0x0000000714000000, 0x0000000714000000|100%| O|  |TAMS 0x0000000714000000| PB 0x0000000713e00000| Untracked 
| 160|0x0000000714000000, 0x0000000714200000, 0x0000000714200000|100%| O|  |TAMS 0x0000000714200000| PB 0x0000000714000000| Untracked 
| 161|0x0000000714200000, 0x0000000714400000, 0x0000000714400000|100%| O|  |TAMS 0x0000000714400000| PB 0x0000000714200000| Untracked 
| 162|0x0000000714400000, 0x0000000714600000, 0x0000000714600000|100%| O|  |TAMS 0x0000000714600000| PB 0x0000000714400000| Untracked 
| 163|0x0000000714600000, 0x0000000714800000, 0x0000000714800000|100%| O|  |TAMS 0x0000000714800000| PB 0x0000000714600000| Untracked 
| 164|0x0000000714800000, 0x0000000714a00000, 0x0000000714a00000|100%| O|  |TAMS 0x0000000714a00000| PB 0x0000000714800000| Untracked 
| 165|0x0000000714a00000, 0x0000000714c00000, 0x0000000714c00000|100%| O|  |TAMS 0x0000000714c00000| PB 0x0000000714a00000| Untracked 
| 166|0x0000000714c00000, 0x0000000714e00000, 0x0000000714e00000|100%| O|  |TAMS 0x0000000714e00000| PB 0x0000000714c00000| Untracked 
| 167|0x0000000714e00000, 0x0000000714e00000, 0x0000000715000000|  0%| F|  |TAMS 0x0000000714e00000| PB 0x0000000714e00000| Untracked 
| 168|0x0000000715000000, 0x0000000715000000, 0x0000000715200000|  0%| F|  |TAMS 0x0000000715000000| PB 0x0000000715000000| Untracked 
| 169|0x0000000715200000, 0x0000000715200000, 0x0000000715400000|  0%| F|  |TAMS 0x0000000715200000| PB 0x0000000715200000| Untracked 
| 170|0x0000000715400000, 0x0000000715400000, 0x0000000715600000|  0%| F|  |TAMS 0x0000000715400000| PB 0x0000000715400000| Untracked 
| 171|0x0000000715600000, 0x0000000715600000, 0x0000000715800000|  0%| F|  |TAMS 0x0000000715600000| PB 0x0000000715600000| Untracked 
| 172|0x0000000715800000, 0x0000000715800000, 0x0000000715a00000|  0%| F|  |TAMS 0x0000000715800000| PB 0x0000000715800000| Untracked 
| 173|0x0000000715a00000, 0x0000000715a00000, 0x0000000715c00000|  0%| F|  |TAMS 0x0000000715a00000| PB 0x0000000715a00000| Untracked 
| 174|0x0000000715c00000, 0x0000000715c00000, 0x0000000715e00000|  0%| F|  |TAMS 0x0000000715c00000| PB 0x0000000715c00000| Untracked 
| 175|0x0000000715e00000, 0x0000000715e00000, 0x0000000716000000|  0%| F|  |TAMS 0x0000000715e00000| PB 0x0000000715e00000| Untracked 
| 176|0x0000000716000000, 0x0000000716000000, 0x0000000716200000|  0%| F|  |TAMS 0x0000000716000000| PB 0x0000000716000000| Untracked 
| 177|0x0000000716200000, 0x0000000716200000, 0x0000000716400000|  0%| F|  |TAMS 0x0000000716200000| PB 0x0000000716200000| Untracked 
| 178|0x0000000716400000, 0x0000000716400000, 0x0000000716600000|  0%| F|  |TAMS 0x0000000716400000| PB 0x0000000716400000| Untracked 
| 179|0x0000000716600000, 0x0000000716600000, 0x0000000716800000|  0%| F|  |TAMS 0x0000000716600000| PB 0x0000000716600000| Untracked 
| 180|0x0000000716800000, 0x0000000716800000, 0x0000000716a00000|  0%| F|  |TAMS 0x0000000716800000| PB 0x0000000716800000| Untracked 
| 181|0x0000000716a00000, 0x0000000716a00000, 0x0000000716c00000|  0%| F|  |TAMS 0x0000000716a00000| PB 0x0000000716a00000| Untracked 
| 182|0x0000000716c00000, 0x0000000716c00000, 0x0000000716e00000|  0%| F|  |TAMS 0x0000000716c00000| PB 0x0000000716c00000| Untracked 
| 183|0x0000000716e00000, 0x0000000716e00000, 0x0000000717000000|  0%| F|  |TAMS 0x0000000716e00000| PB 0x0000000716e00000| Untracked 
| 184|0x0000000717000000, 0x0000000717000000, 0x0000000717200000|  0%| F|  |TAMS 0x0000000717000000| PB 0x0000000717000000| Untracked 
| 185|0x0000000717200000, 0x0000000717200000, 0x0000000717400000|  0%| F|  |TAMS 0x0000000717200000| PB 0x0000000717200000| Untracked 
| 186|0x0000000717400000, 0x0000000717400000, 0x0000000717600000|  0%| F|  |TAMS 0x0000000717400000| PB 0x0000000717400000| Untracked 
| 187|0x0000000717600000, 0x0000000717600000, 0x0000000717800000|  0%| F|  |TAMS 0x0000000717600000| PB 0x0000000717600000| Untracked 
| 188|0x0000000717800000, 0x0000000717800000, 0x0000000717a00000|  0%| F|  |TAMS 0x0000000717800000| PB 0x0000000717800000| Untracked 
| 189|0x0000000717a00000, 0x0000000717a00000, 0x0000000717c00000|  0%| F|  |TAMS 0x0000000717a00000| PB 0x0000000717a00000| Untracked 
| 190|0x0000000717c00000, 0x0000000717c00000, 0x0000000717e00000|  0%| F|  |TAMS 0x0000000717c00000| PB 0x0000000717c00000| Untracked 
| 191|0x0000000717e00000, 0x0000000717e00000, 0x0000000718000000|  0%| F|  |TAMS 0x0000000717e00000| PB 0x0000000717e00000| Untracked 
| 192|0x0000000718000000, 0x0000000718000000, 0x0000000718200000|  0%| F|  |TAMS 0x0000000718000000| PB 0x0000000718000000| Untracked 
| 193|0x0000000718200000, 0x0000000718200000, 0x0000000718400000|  0%| F|  |TAMS 0x0000000718200000| PB 0x0000000718200000| Untracked 
| 194|0x0000000718400000, 0x0000000718400000, 0x0000000718600000|  0%| F|  |TAMS 0x0000000718400000| PB 0x0000000718400000| Untracked 
| 195|0x0000000718600000, 0x0000000718600000, 0x0000000718800000|  0%| F|  |TAMS 0x0000000718600000| PB 0x0000000718600000| Untracked 
| 196|0x0000000718800000, 0x0000000718800000, 0x0000000718a00000|  0%| F|  |TAMS 0x0000000718800000| PB 0x0000000718800000| Untracked 
| 197|0x0000000718a00000, 0x0000000718a00000, 0x0000000718c00000|  0%| F|  |TAMS 0x0000000718a00000| PB 0x0000000718a00000| Untracked 
| 198|0x0000000718c00000, 0x0000000718e00000, 0x0000000718e00000|100%| O|  |TAMS 0x0000000718e00000| PB 0x0000000718c00000| Untracked 
| 199|0x0000000718e00000, 0x0000000719000000, 0x0000000719000000|100%| O|  |TAMS 0x0000000719000000| PB 0x0000000718e00000| Untracked 
| 200|0x0000000719000000, 0x0000000719200000, 0x0000000719200000|100%| O|  |TAMS 0x0000000719200000| PB 0x0000000719000000| Untracked 
| 201|0x0000000719200000, 0x0000000719400000, 0x0000000719400000|100%| O|  |TAMS 0x0000000719400000| PB 0x0000000719200000| Untracked 
| 202|0x0000000719400000, 0x0000000719400000, 0x0000000719600000|  0%| F|  |TAMS 0x0000000719400000| PB 0x0000000719400000| Untracked 
| 203|0x0000000719600000, 0x0000000719600000, 0x0000000719800000|  0%| F|  |TAMS 0x0000000719600000| PB 0x0000000719600000| Untracked 
| 204|0x0000000719800000, 0x0000000719800000, 0x0000000719a00000|  0%| F|  |TAMS 0x0000000719800000| PB 0x0000000719800000| Untracked 
| 205|0x0000000719a00000, 0x0000000719c00000, 0x0000000719c00000|100%| O|  |TAMS 0x0000000719c00000| PB 0x0000000719a00000| Untracked 
| 206|0x0000000719c00000, 0x0000000719e00000, 0x0000000719e00000|100%| O|  |TAMS 0x0000000719e00000| PB 0x0000000719c00000| Untracked 
| 207|0x0000000719e00000, 0x0000000719e00000, 0x000000071a000000|  0%| F|  |TAMS 0x0000000719e00000| PB 0x0000000719e00000| Untracked 
| 208|0x000000071a000000, 0x000000071a200000, 0x000000071a200000|100%| O|  |TAMS 0x000000071a200000| PB 0x000000071a000000| Untracked 
| 209|0x000000071a200000, 0x000000071a400000, 0x000000071a400000|100%| O|  |TAMS 0x000000071a400000| PB 0x000000071a200000| Untracked 
| 210|0x000000071a400000, 0x000000071a600000, 0x000000071a600000|100%| O|  |TAMS 0x000000071a600000| PB 0x000000071a400000| Untracked 
| 211|0x000000071a600000, 0x000000071a600000, 0x000000071a800000|  0%| F|  |TAMS 0x000000071a600000| PB 0x000000071a600000| Untracked 
| 212|0x000000071a800000, 0x000000071a800000, 0x000000071aa00000|  0%| F|  |TAMS 0x000000071a800000| PB 0x000000071a800000| Untracked 
| 213|0x000000071aa00000, 0x000000071aa00000, 0x000000071ac00000|  0%| F|  |TAMS 0x000000071aa00000| PB 0x000000071aa00000| Untracked 
| 214|0x000000071ac00000, 0x000000071ae00000, 0x000000071ae00000|100%| O|  |TAMS 0x000000071ae00000| PB 0x000000071ac00000| Untracked 
| 215|0x000000071ae00000, 0x000000071b000000, 0x000000071b000000|100%| O|  |TAMS 0x000000071b000000| PB 0x000000071ae00000| Untracked 
| 216|0x000000071b000000, 0x000000071b200000, 0x000000071b200000|100%| O|  |TAMS 0x000000071b200000| PB 0x000000071b000000| Untracked 
| 217|0x000000071b200000, 0x000000071b400000, 0x000000071b400000|100%| O|  |TAMS 0x000000071b400000| PB 0x000000071b200000| Untracked 
| 218|0x000000071b400000, 0x000000071b600000, 0x000000071b600000|100%| O|  |TAMS 0x000000071b600000| PB 0x000000071b400000| Untracked 
| 219|0x000000071b600000, 0x000000071b800000, 0x000000071b800000|100%| O|  |TAMS 0x000000071b800000| PB 0x000000071b600000| Untracked 
| 220|0x000000071b800000, 0x000000071ba00000, 0x000000071ba00000|100%| O|  |TAMS 0x000000071ba00000| PB 0x000000071b800000| Untracked 
| 221|0x000000071ba00000, 0x000000071bc00000, 0x000000071bc00000|100%| O|  |TAMS 0x000000071bc00000| PB 0x000000071ba00000| Untracked 
| 222|0x000000071bc00000, 0x000000071be00000, 0x000000071be00000|100%| O|  |TAMS 0x000000071be00000| PB 0x000000071bc00000| Untracked 
| 223|0x000000071be00000, 0x000000071c000000, 0x000000071c000000|100%| O|  |TAMS 0x000000071c000000| PB 0x000000071be00000| Untracked 
| 224|0x000000071c000000, 0x000000071c200000, 0x000000071c200000|100%| O|  |TAMS 0x000000071c200000| PB 0x000000071c000000| Untracked 
| 225|0x000000071c200000, 0x000000071c400000, 0x000000071c400000|100%| O|  |TAMS 0x000000071c400000| PB 0x000000071c200000| Untracked 
| 226|0x000000071c400000, 0x000000071c600000, 0x000000071c600000|100%| O|  |TAMS 0x000000071c600000| PB 0x000000071c400000| Untracked 
| 227|0x000000071c600000, 0x000000071c800000, 0x000000071c800000|100%| O|  |TAMS 0x000000071c800000| PB 0x000000071c600000| Untracked 
| 228|0x000000071c800000, 0x000000071ca00000, 0x000000071ca00000|100%| O|  |TAMS 0x000000071ca00000| PB 0x000000071c800000| Untracked 
| 229|0x000000071ca00000, 0x000000071cc00000, 0x000000071cc00000|100%| O|  |TAMS 0x000000071cc00000| PB 0x000000071ca00000| Untracked 
| 230|0x000000071cc00000, 0x000000071ce00000, 0x000000071ce00000|100%| O|  |TAMS 0x000000071ce00000| PB 0x000000071cc00000| Untracked 
| 231|0x000000071ce00000, 0x000000071d000000, 0x000000071d000000|100%| O|  |TAMS 0x000000071d000000| PB 0x000000071ce00000| Untracked 
| 232|0x000000071d000000, 0x000000071d200000, 0x000000071d200000|100%| O|  |TAMS 0x000000071d200000| PB 0x000000071d000000| Untracked 
| 233|0x000000071d200000, 0x000000071d400000, 0x000000071d400000|100%| O|  |TAMS 0x000000071d400000| PB 0x000000071d200000| Untracked 
| 234|0x000000071d400000, 0x000000071d600000, 0x000000071d600000|100%| O|  |TAMS 0x000000071d600000| PB 0x000000071d400000| Untracked 
| 235|0x000000071d600000, 0x000000071d800000, 0x000000071d800000|100%| O|  |TAMS 0x000000071d800000| PB 0x000000071d600000| Untracked 
| 236|0x000000071d800000, 0x000000071da00000, 0x000000071da00000|100%| O|  |TAMS 0x000000071da00000| PB 0x000000071d800000| Untracked 
| 237|0x000000071da00000, 0x000000071dc00000, 0x000000071dc00000|100%| O|  |TAMS 0x000000071dc00000| PB 0x000000071da00000| Untracked 
| 238|0x000000071dc00000, 0x000000071de00000, 0x000000071de00000|100%| O|  |TAMS 0x000000071de00000| PB 0x000000071dc00000| Untracked 
| 239|0x000000071de00000, 0x000000071e000000, 0x000000071e000000|100%| O|  |TAMS 0x000000071e000000| PB 0x000000071de00000| Untracked 
| 240|0x000000071e000000, 0x000000071e200000, 0x000000071e200000|100%| O|  |TAMS 0x000000071e200000| PB 0x000000071e000000| Untracked 
| 241|0x000000071e200000, 0x000000071e400000, 0x000000071e400000|100%| O|  |TAMS 0x000000071e400000| PB 0x000000071e200000| Untracked 
| 242|0x000000071e400000, 0x000000071e600000, 0x000000071e600000|100%| O|  |TAMS 0x000000071e600000| PB 0x000000071e400000| Untracked 
| 243|0x000000071e600000, 0x000000071e800000, 0x000000071e800000|100%| O|  |TAMS 0x000000071e800000| PB 0x000000071e600000| Untracked 
| 244|0x000000071e800000, 0x000000071ea00000, 0x000000071ea00000|100%| O|  |TAMS 0x000000071ea00000| PB 0x000000071e800000| Untracked 
| 245|0x000000071ea00000, 0x000000071ec00000, 0x000000071ec00000|100%| O|  |TAMS 0x000000071ec00000| PB 0x000000071ea00000| Untracked 
| 246|0x000000071ec00000, 0x000000071ee00000, 0x000000071ee00000|100%| O|  |TAMS 0x000000071ee00000| PB 0x000000071ec00000| Untracked 
| 247|0x000000071ee00000, 0x000000071f000000, 0x000000071f000000|100%| O|  |TAMS 0x000000071f000000| PB 0x000000071ee00000| Untracked 
| 248|0x000000071f000000, 0x000000071f200000, 0x000000071f200000|100%| O|  |TAMS 0x000000071f200000| PB 0x000000071f000000| Untracked 
| 249|0x000000071f200000, 0x000000071f400000, 0x000000071f400000|100%| O|  |TAMS 0x000000071f400000| PB 0x000000071f200000| Untracked 
| 250|0x000000071f400000, 0x000000071f600000, 0x000000071f600000|100%| O|  |TAMS 0x000000071f600000| PB 0x000000071f400000| Untracked 
| 251|0x000000071f600000, 0x000000071f800000, 0x000000071f800000|100%| O|  |TAMS 0x000000071f695358| PB 0x000000071f600000| Untracked 
| 252|0x000000071f800000, 0x000000071f800000, 0x000000071fa00000|  0%| F|  |TAMS 0x000000071f800000| PB 0x000000071f800000| Untracked 
| 253|0x000000071fa00000, 0x000000071fa00000, 0x000000071fc00000|  0%| F|  |TAMS 0x000000071fa00000| PB 0x000000071fa00000| Untracked 
| 254|0x000000071fc00000, 0x000000071fc00000, 0x000000071fe00000|  0%| F|  |TAMS 0x000000071fc00000| PB 0x000000071fc00000| Untracked 
| 255|0x000000071fe00000, 0x000000071fe00000, 0x0000000720000000|  0%| F|  |TAMS 0x000000071fe00000| PB 0x000000071fe00000| Untracked 
| 256|0x0000000720000000, 0x0000000720000000, 0x0000000720200000|  0%| F|  |TAMS 0x0000000720000000| PB 0x0000000720000000| Untracked 
| 257|0x0000000720200000, 0x0000000720200000, 0x0000000720400000|  0%| F|  |TAMS 0x0000000720200000| PB 0x0000000720200000| Untracked 
| 258|0x0000000720400000, 0x0000000720400000, 0x0000000720600000|  0%| F|  |TAMS 0x0000000720400000| PB 0x0000000720400000| Untracked 
| 259|0x0000000720600000, 0x0000000720600000, 0x0000000720800000|  0%| F|  |TAMS 0x0000000720600000| PB 0x0000000720600000| Untracked 
| 260|0x0000000720800000, 0x0000000720800000, 0x0000000720a00000|  0%| F|  |TAMS 0x0000000720800000| PB 0x0000000720800000| Untracked 
| 261|0x0000000720a00000, 0x0000000720a00000, 0x0000000720c00000|  0%| F|  |TAMS 0x0000000720a00000| PB 0x0000000720a00000| Untracked 
| 262|0x0000000720c00000, 0x0000000720c00000, 0x0000000720e00000|  0%| F|  |TAMS 0x0000000720c00000| PB 0x0000000720c00000| Untracked 
| 263|0x0000000720e00000, 0x0000000720e00000, 0x0000000721000000|  0%| F|  |TAMS 0x0000000720e00000| PB 0x0000000720e00000| Untracked 
| 264|0x0000000721000000, 0x0000000721000000, 0x0000000721200000|  0%| F|  |TAMS 0x0000000721000000| PB 0x0000000721000000| Untracked 
| 265|0x0000000721200000, 0x0000000721200000, 0x0000000721400000|  0%| F|  |TAMS 0x0000000721200000| PB 0x0000000721200000| Untracked 
| 266|0x0000000721400000, 0x0000000721400000, 0x0000000721600000|  0%| F|  |TAMS 0x0000000721400000| PB 0x0000000721400000| Untracked 
| 267|0x0000000721600000, 0x0000000721600000, 0x0000000721800000|  0%| F|  |TAMS 0x0000000721600000| PB 0x0000000721600000| Untracked 
| 268|0x0000000721800000, 0x0000000721800000, 0x0000000721a00000|  0%| F|  |TAMS 0x0000000721800000| PB 0x0000000721800000| Untracked 
| 269|0x0000000721a00000, 0x0000000721a00000, 0x0000000721c00000|  0%| F|  |TAMS 0x0000000721a00000| PB 0x0000000721a00000| Untracked 
| 270|0x0000000721c00000, 0x0000000721c00000, 0x0000000721e00000|  0%| F|  |TAMS 0x0000000721c00000| PB 0x0000000721c00000| Untracked 
| 271|0x0000000721e00000, 0x0000000721e00000, 0x0000000722000000|  0%| F|  |TAMS 0x0000000721e00000| PB 0x0000000721e00000| Untracked 
| 272|0x0000000722000000, 0x0000000722000000, 0x0000000722200000|  0%| F|  |TAMS 0x0000000722000000| PB 0x0000000722000000| Untracked 
| 273|0x0000000722200000, 0x0000000722200000, 0x0000000722400000|  0%| F|  |TAMS 0x0000000722200000| PB 0x0000000722200000| Untracked 
| 274|0x0000000722400000, 0x0000000722400000, 0x0000000722600000|  0%| F|  |TAMS 0x0000000722400000| PB 0x0000000722400000| Untracked 
| 275|0x0000000722600000, 0x0000000722600000, 0x0000000722800000|  0%| F|  |TAMS 0x0000000722600000| PB 0x0000000722600000| Untracked 
| 276|0x0000000722800000, 0x0000000722800000, 0x0000000722a00000|  0%| F|  |TAMS 0x0000000722800000| PB 0x0000000722800000| Untracked 
| 277|0x0000000722a00000, 0x0000000722a00000, 0x0000000722c00000|  0%| F|  |TAMS 0x0000000722a00000| PB 0x0000000722a00000| Untracked 
| 278|0x0000000722c00000, 0x0000000722c00000, 0x0000000722e00000|  0%| F|  |TAMS 0x0000000722c00000| PB 0x0000000722c00000| Untracked 
| 279|0x0000000722e00000, 0x0000000722e00000, 0x0000000723000000|  0%| F|  |TAMS 0x0000000722e00000| PB 0x0000000722e00000| Untracked 
| 280|0x0000000723000000, 0x0000000723000000, 0x0000000723200000|  0%| F|  |TAMS 0x0000000723000000| PB 0x0000000723000000| Untracked 
| 281|0x0000000723200000, 0x0000000723200000, 0x0000000723400000|  0%| F|  |TAMS 0x0000000723200000| PB 0x0000000723200000| Untracked 
| 282|0x0000000723400000, 0x0000000723400000, 0x0000000723600000|  0%| F|  |TAMS 0x0000000723400000| PB 0x0000000723400000| Untracked 
| 283|0x0000000723600000, 0x0000000723600000, 0x0000000723800000|  0%| F|  |TAMS 0x0000000723600000| PB 0x0000000723600000| Untracked 
| 284|0x0000000723800000, 0x0000000723800000, 0x0000000723a00000|  0%| F|  |TAMS 0x0000000723800000| PB 0x0000000723800000| Untracked 
| 285|0x0000000723a00000, 0x0000000723a00000, 0x0000000723c00000|  0%| F|  |TAMS 0x0000000723a00000| PB 0x0000000723a00000| Untracked 
| 286|0x0000000723c00000, 0x0000000723c00000, 0x0000000723e00000|  0%| F|  |TAMS 0x0000000723c00000| PB 0x0000000723c00000| Untracked 
| 287|0x0000000723e00000, 0x0000000723e00000, 0x0000000724000000|  0%| F|  |TAMS 0x0000000723e00000| PB 0x0000000723e00000| Untracked 
| 288|0x0000000724000000, 0x0000000724000000, 0x0000000724200000|  0%| F|  |TAMS 0x0000000724000000| PB 0x0000000724000000| Untracked 
| 289|0x0000000724200000, 0x0000000724200000, 0x0000000724400000|  0%| F|  |TAMS 0x0000000724200000| PB 0x0000000724200000| Untracked 
| 290|0x0000000724400000, 0x0000000724400000, 0x0000000724600000|  0%| F|  |TAMS 0x0000000724400000| PB 0x0000000724400000| Untracked 
| 291|0x0000000724600000, 0x0000000724600000, 0x0000000724800000|  0%| F|  |TAMS 0x0000000724600000| PB 0x0000000724600000| Untracked 
| 292|0x0000000724800000, 0x0000000724800000, 0x0000000724a00000|  0%| F|  |TAMS 0x0000000724800000| PB 0x0000000724800000| Untracked 
| 293|0x0000000724a00000, 0x0000000724a00000, 0x0000000724c00000|  0%| F|  |TAMS 0x0000000724a00000| PB 0x0000000724a00000| Untracked 
| 294|0x0000000724c00000, 0x0000000724c00000, 0x0000000724e00000|  0%| F|  |TAMS 0x0000000724c00000| PB 0x0000000724c00000| Untracked 
| 295|0x0000000724e00000, 0x0000000724e00000, 0x0000000725000000|  0%| F|  |TAMS 0x0000000724e00000| PB 0x0000000724e00000| Untracked 
| 296|0x0000000725000000, 0x0000000725000000, 0x0000000725200000|  0%| F|  |TAMS 0x0000000725000000| PB 0x0000000725000000| Untracked 
| 297|0x0000000725200000, 0x0000000725200000, 0x0000000725400000|  0%| F|  |TAMS 0x0000000725200000| PB 0x0000000725200000| Untracked 
| 298|0x0000000725400000, 0x0000000725400000, 0x0000000725600000|  0%| F|  |TAMS 0x0000000725400000| PB 0x0000000725400000| Untracked 
| 299|0x0000000725600000, 0x0000000725600000, 0x0000000725800000|  0%| F|  |TAMS 0x0000000725600000| PB 0x0000000725600000| Untracked 
| 300|0x0000000725800000, 0x0000000725800000, 0x0000000725a00000|  0%| F|  |TAMS 0x0000000725800000| PB 0x0000000725800000| Untracked 
| 301|0x0000000725a00000, 0x0000000725a00000, 0x0000000725c00000|  0%| F|  |TAMS 0x0000000725a00000| PB 0x0000000725a00000| Untracked 
| 302|0x0000000725c00000, 0x0000000725c00000, 0x0000000725e00000|  0%| F|  |TAMS 0x0000000725c00000| PB 0x0000000725c00000| Untracked 
| 303|0x0000000725e00000, 0x0000000725e00000, 0x0000000726000000|  0%| F|  |TAMS 0x0000000725e00000| PB 0x0000000725e00000| Untracked 
| 304|0x0000000726000000, 0x0000000726000000, 0x0000000726200000|  0%| F|  |TAMS 0x0000000726000000| PB 0x0000000726000000| Untracked 
| 305|0x0000000726200000, 0x0000000726200000, 0x0000000726400000|  0%| F|  |TAMS 0x0000000726200000| PB 0x0000000726200000| Untracked 
| 306|0x0000000726400000, 0x0000000726400000, 0x0000000726600000|  0%| F|  |TAMS 0x0000000726400000| PB 0x0000000726400000| Untracked 
| 307|0x0000000726600000, 0x0000000726600000, 0x0000000726800000|  0%| F|  |TAMS 0x0000000726600000| PB 0x0000000726600000| Untracked 
| 308|0x0000000726800000, 0x0000000726800000, 0x0000000726a00000|  0%| F|  |TAMS 0x0000000726800000| PB 0x0000000726800000| Untracked 
| 309|0x0000000726a00000, 0x0000000726a00000, 0x0000000726c00000|  0%| F|  |TAMS 0x0000000726a00000| PB 0x0000000726a00000| Untracked 
| 310|0x0000000726c00000, 0x0000000726c00000, 0x0000000726e00000|  0%| F|  |TAMS 0x0000000726c00000| PB 0x0000000726c00000| Untracked 
| 311|0x0000000726e00000, 0x0000000726e00000, 0x0000000727000000|  0%| F|  |TAMS 0x0000000726e00000| PB 0x0000000726e00000| Untracked 
| 312|0x0000000727000000, 0x0000000727000000, 0x0000000727200000|  0%| F|  |TAMS 0x0000000727000000| PB 0x0000000727000000| Untracked 
| 313|0x0000000727200000, 0x0000000727200000, 0x0000000727400000|  0%| F|  |TAMS 0x0000000727200000| PB 0x0000000727200000| Untracked 
| 314|0x0000000727400000, 0x0000000727400000, 0x0000000727600000|  0%| F|  |TAMS 0x0000000727400000| PB 0x0000000727400000| Untracked 
| 315|0x0000000727600000, 0x0000000727600000, 0x0000000727800000|  0%| F|  |TAMS 0x0000000727600000| PB 0x0000000727600000| Untracked 
| 316|0x0000000727800000, 0x0000000727800000, 0x0000000727a00000|  0%| F|  |TAMS 0x0000000727800000| PB 0x0000000727800000| Untracked 
| 317|0x0000000727a00000, 0x0000000727a00000, 0x0000000727c00000|  0%| F|  |TAMS 0x0000000727a00000| PB 0x0000000727a00000| Untracked 
| 318|0x0000000727c00000, 0x0000000727c00000, 0x0000000727e00000|  0%| F|  |TAMS 0x0000000727c00000| PB 0x0000000727c00000| Untracked 
| 319|0x0000000727e00000, 0x0000000727e00000, 0x0000000728000000|  0%| F|  |TAMS 0x0000000727e00000| PB 0x0000000727e00000| Untracked 
| 320|0x0000000728000000, 0x0000000728000000, 0x0000000728200000|  0%| F|  |TAMS 0x0000000728000000| PB 0x0000000728000000| Untracked 
| 321|0x0000000728200000, 0x0000000728200000, 0x0000000728400000|  0%| F|  |TAMS 0x0000000728200000| PB 0x0000000728200000| Untracked 
| 322|0x0000000728400000, 0x0000000728400000, 0x0000000728600000|  0%| F|  |TAMS 0x0000000728400000| PB 0x0000000728400000| Untracked 
| 323|0x0000000728600000, 0x0000000728600000, 0x0000000728800000|  0%| F|  |TAMS 0x0000000728600000| PB 0x0000000728600000| Untracked 
| 324|0x0000000728800000, 0x0000000728800000, 0x0000000728a00000|  0%| F|  |TAMS 0x0000000728800000| PB 0x0000000728800000| Untracked 
| 325|0x0000000728a00000, 0x0000000728a00000, 0x0000000728c00000|  0%| F|  |TAMS 0x0000000728a00000| PB 0x0000000728a00000| Untracked 
| 326|0x0000000728c00000, 0x0000000728c00000, 0x0000000728e00000|  0%| F|  |TAMS 0x0000000728c00000| PB 0x0000000728c00000| Untracked 
| 327|0x0000000728e00000, 0x0000000728e00000, 0x0000000729000000|  0%| F|  |TAMS 0x0000000728e00000| PB 0x0000000728e00000| Untracked 
| 328|0x0000000729000000, 0x0000000729000000, 0x0000000729200000|  0%| F|  |TAMS 0x0000000729000000| PB 0x0000000729000000| Untracked 
| 329|0x0000000729200000, 0x0000000729200000, 0x0000000729400000|  0%| F|  |TAMS 0x0000000729200000| PB 0x0000000729200000| Untracked 
| 330|0x0000000729400000, 0x0000000729400000, 0x0000000729600000|  0%| F|  |TAMS 0x0000000729400000| PB 0x0000000729400000| Untracked 
| 331|0x0000000729600000, 0x0000000729600000, 0x0000000729800000|  0%| F|  |TAMS 0x0000000729600000| PB 0x0000000729600000| Untracked 
| 332|0x0000000729800000, 0x0000000729800000, 0x0000000729a00000|  0%| F|  |TAMS 0x0000000729800000| PB 0x0000000729800000| Untracked 
| 333|0x0000000729a00000, 0x0000000729a00000, 0x0000000729c00000|  0%| F|  |TAMS 0x0000000729a00000| PB 0x0000000729a00000| Untracked 
| 334|0x0000000729c00000, 0x0000000729c00000, 0x0000000729e00000|  0%| F|  |TAMS 0x0000000729c00000| PB 0x0000000729c00000| Untracked 
| 335|0x0000000729e00000, 0x0000000729e00000, 0x000000072a000000|  0%| F|  |TAMS 0x0000000729e00000| PB 0x0000000729e00000| Untracked 
| 336|0x000000072a000000, 0x000000072a000000, 0x000000072a200000|  0%| F|  |TAMS 0x000000072a000000| PB 0x000000072a000000| Untracked 
| 337|0x000000072a200000, 0x000000072a200000, 0x000000072a400000|  0%| F|  |TAMS 0x000000072a200000| PB 0x000000072a200000| Untracked 
| 338|0x000000072a400000, 0x000000072a400000, 0x000000072a600000|  0%| F|  |TAMS 0x000000072a400000| PB 0x000000072a400000| Untracked 
| 339|0x000000072a600000, 0x000000072a600000, 0x000000072a800000|  0%| F|  |TAMS 0x000000072a600000| PB 0x000000072a600000| Untracked 
| 340|0x000000072a800000, 0x000000072a800000, 0x000000072aa00000|  0%| F|  |TAMS 0x000000072a800000| PB 0x000000072a800000| Untracked 
| 341|0x000000072aa00000, 0x000000072aa00000, 0x000000072ac00000|  0%| F|  |TAMS 0x000000072aa00000| PB 0x000000072aa00000| Untracked 
| 342|0x000000072ac00000, 0x000000072ac00000, 0x000000072ae00000|  0%| F|  |TAMS 0x000000072ac00000| PB 0x000000072ac00000| Untracked 
| 343|0x000000072ae00000, 0x000000072ae00000, 0x000000072b000000|  0%| F|  |TAMS 0x000000072ae00000| PB 0x000000072ae00000| Untracked 
| 344|0x000000072b000000, 0x000000072b000000, 0x000000072b200000|  0%| F|  |TAMS 0x000000072b000000| PB 0x000000072b000000| Untracked 
| 345|0x000000072b200000, 0x000000072b200000, 0x000000072b400000|  0%| F|  |TAMS 0x000000072b200000| PB 0x000000072b200000| Untracked 
| 346|0x000000072b400000, 0x000000072b400000, 0x000000072b600000|  0%| F|  |TAMS 0x000000072b400000| PB 0x000000072b400000| Untracked 
|1861|0x00000007e8a00000, 0x00000007e8c00000, 0x00000007e8c00000|100%| O|  |TAMS 0x00000007e8c00000| PB 0x00000007e8a00000| Untracked 
|1862|0x00000007e8c00000, 0x00000007e8c00000, 0x00000007e8e00000|  0%| F|  |TAMS 0x00000007e8c00000| PB 0x00000007e8c00000| Untracked 
|1863|0x00000007e8e00000, 0x00000007e8e00000, 0x00000007e9000000|  0%| F|  |TAMS 0x00000007e8e00000| PB 0x00000007e8e00000| Untracked 
|1864|0x00000007e9000000, 0x00000007e9000000, 0x00000007e9200000|  0%| F|  |TAMS 0x00000007e9000000| PB 0x00000007e9000000| Untracked 
|1865|0x00000007e9200000, 0x00000007e9200000, 0x00000007e9400000|  0%| F|  |TAMS 0x00000007e9200000| PB 0x00000007e9200000| Untracked 
|1866|0x00000007e9400000, 0x00000007e9400000, 0x00000007e9600000|  0%| F|  |TAMS 0x00000007e9400000| PB 0x00000007e9400000| Untracked 
|1867|0x00000007e9600000, 0x00000007e9600000, 0x00000007e9800000|  0%| F|  |TAMS 0x00000007e9600000| PB 0x00000007e9600000| Untracked 
|1868|0x00000007e9800000, 0x00000007e9800000, 0x00000007e9a00000|  0%| F|  |TAMS 0x00000007e9800000| PB 0x00000007e9800000| Untracked 
|1869|0x00000007e9a00000, 0x00000007e9a00000, 0x00000007e9c00000|  0%| F|  |TAMS 0x00000007e9a00000| PB 0x00000007e9a00000| Untracked 
|1870|0x00000007e9c00000, 0x00000007e9c00000, 0x00000007e9e00000|  0%| F|  |TAMS 0x00000007e9c00000| PB 0x00000007e9c00000| Untracked 
|1871|0x00000007e9e00000, 0x00000007e9e00000, 0x00000007ea000000|  0%| F|  |TAMS 0x00000007e9e00000| PB 0x00000007e9e00000| Untracked 
|1872|0x00000007ea000000, 0x00000007ea000000, 0x00000007ea200000|  0%| F|  |TAMS 0x00000007ea000000| PB 0x00000007ea000000| Untracked 
|1873|0x00000007ea200000, 0x00000007ea200000, 0x00000007ea400000|  0%| F|  |TAMS 0x00000007ea200000| PB 0x00000007ea200000| Untracked 
|1874|0x00000007ea400000, 0x00000007ea400000, 0x00000007ea600000|  0%| F|  |TAMS 0x00000007ea400000| PB 0x00000007ea400000| Untracked 
|1875|0x00000007ea600000, 0x00000007ea600000, 0x00000007ea800000|  0%| F|  |TAMS 0x00000007ea600000| PB 0x00000007ea600000| Untracked 
|1876|0x00000007ea800000, 0x00000007ea800000, 0x00000007eaa00000|  0%| F|  |TAMS 0x00000007ea800000| PB 0x00000007ea800000| Untracked 
|1877|0x00000007eaa00000, 0x00000007eaa00000, 0x00000007eac00000|  0%| F|  |TAMS 0x00000007eaa00000| PB 0x00000007eaa00000| Untracked 
|1878|0x00000007eac00000, 0x00000007eac00000, 0x00000007eae00000|  0%| F|  |TAMS 0x00000007eac00000| PB 0x00000007eac00000| Untracked 
|1879|0x00000007eae00000, 0x00000007eae00000, 0x00000007eb000000|  0%| F|  |TAMS 0x00000007eae00000| PB 0x00000007eae00000| Untracked 
|1880|0x00000007eb000000, 0x00000007eb000000, 0x00000007eb200000|  0%| F|  |TAMS 0x00000007eb000000| PB 0x00000007eb000000| Untracked 
|1881|0x00000007eb200000, 0x00000007eb200000, 0x00000007eb400000|  0%| F|  |TAMS 0x00000007eb200000| PB 0x00000007eb200000| Untracked 
|1882|0x00000007eb400000, 0x00000007eb400000, 0x00000007eb600000|  0%| F|  |TAMS 0x00000007eb400000| PB 0x00000007eb400000| Untracked 
|1883|0x00000007eb600000, 0x00000007eb600000, 0x00000007eb800000|  0%| F|  |TAMS 0x00000007eb600000| PB 0x00000007eb600000| Untracked 
|1884|0x00000007eb800000, 0x00000007eb800000, 0x00000007eba00000|  0%| F|  |TAMS 0x00000007eb800000| PB 0x00000007eb800000| Untracked 
|1885|0x00000007eba00000, 0x00000007eba00000, 0x00000007ebc00000|  0%| F|  |TAMS 0x00000007eba00000| PB 0x00000007eba00000| Untracked 
|1886|0x00000007ebc00000, 0x00000007ebc00000, 0x00000007ebe00000|  0%| F|  |TAMS 0x00000007ebc00000| PB 0x00000007ebc00000| Untracked 
|1887|0x00000007ebe00000, 0x00000007ebe00000, 0x00000007ec000000|  0%| F|  |TAMS 0x00000007ebe00000| PB 0x00000007ebe00000| Untracked 
|1888|0x00000007ec000000, 0x00000007ec000000, 0x00000007ec200000|  0%| F|  |TAMS 0x00000007ec000000| PB 0x00000007ec000000| Untracked 
|1889|0x00000007ec200000, 0x00000007ec200000, 0x00000007ec400000|  0%| F|  |TAMS 0x00000007ec200000| PB 0x00000007ec200000| Untracked 
|1890|0x00000007ec400000, 0x00000007ec400000, 0x00000007ec600000|  0%| F|  |TAMS 0x00000007ec400000| PB 0x00000007ec400000| Untracked 
|1891|0x00000007ec600000, 0x00000007ec600000, 0x00000007ec800000|  0%| F|  |TAMS 0x00000007ec600000| PB 0x00000007ec600000| Untracked 
|1892|0x00000007ec800000, 0x00000007ec800000, 0x00000007eca00000|  0%| F|  |TAMS 0x00000007ec800000| PB 0x00000007ec800000| Untracked 
|1893|0x00000007eca00000, 0x00000007eca00000, 0x00000007ecc00000|  0%| F|  |TAMS 0x00000007eca00000| PB 0x00000007eca00000| Untracked 
|1894|0x00000007ecc00000, 0x00000007ecc00000, 0x00000007ece00000|  0%| F|  |TAMS 0x00000007ecc00000| PB 0x00000007ecc00000| Untracked 
|1895|0x00000007ece00000, 0x00000007ece00000, 0x00000007ed000000|  0%| F|  |TAMS 0x00000007ece00000| PB 0x00000007ece00000| Untracked 
|1896|0x00000007ed000000, 0x00000007ed000000, 0x00000007ed200000|  0%| F|  |TAMS 0x00000007ed000000| PB 0x00000007ed000000| Untracked 
|1897|0x00000007ed200000, 0x00000007ed200000, 0x00000007ed400000|  0%| F|  |TAMS 0x00000007ed200000| PB 0x00000007ed200000| Untracked 
|1898|0x00000007ed400000, 0x00000007ed400000, 0x00000007ed600000|  0%| F|  |TAMS 0x00000007ed400000| PB 0x00000007ed400000| Untracked 
|1899|0x00000007ed600000, 0x00000007ed600000, 0x00000007ed800000|  0%| F|  |TAMS 0x00000007ed600000| PB 0x00000007ed600000| Untracked 
|1900|0x00000007ed800000, 0x00000007ed800000, 0x00000007eda00000|  0%| F|  |TAMS 0x00000007ed800000| PB 0x00000007ed800000| Untracked 
|1901|0x00000007eda00000, 0x00000007eda00000, 0x00000007edc00000|  0%| F|  |TAMS 0x00000007eda00000| PB 0x00000007eda00000| Untracked 
|1902|0x00000007edc00000, 0x00000007edc00000, 0x00000007ede00000|  0%| F|  |TAMS 0x00000007edc00000| PB 0x00000007edc00000| Untracked 
|1903|0x00000007ede00000, 0x00000007ede00000, 0x00000007ee000000|  0%| F|  |TAMS 0x00000007ede00000| PB 0x00000007ede00000| Untracked 
|1904|0x00000007ee000000, 0x00000007ee000000, 0x00000007ee200000|  0%| F|  |TAMS 0x00000007ee000000| PB 0x00000007ee000000| Untracked 
|1905|0x00000007ee200000, 0x00000007ee200000, 0x00000007ee400000|  0%| F|  |TAMS 0x00000007ee200000| PB 0x00000007ee200000| Untracked 
|1906|0x00000007ee400000, 0x00000007ee400000, 0x00000007ee600000|  0%| F|  |TAMS 0x00000007ee400000| PB 0x00000007ee400000| Untracked 
|1907|0x00000007ee600000, 0x00000007ee600000, 0x00000007ee800000|  0%| F|  |TAMS 0x00000007ee600000| PB 0x00000007ee600000| Untracked 
|1908|0x00000007ee800000, 0x00000007ee800000, 0x00000007eea00000|  0%| F|  |TAMS 0x00000007ee800000| PB 0x00000007ee800000| Untracked 
|1909|0x00000007eea00000, 0x00000007eea00000, 0x00000007eec00000|  0%| F|  |TAMS 0x00000007eea00000| PB 0x00000007eea00000| Untracked 
|1910|0x00000007eec00000, 0x00000007eec00000, 0x00000007eee00000|  0%| F|  |TAMS 0x00000007eec00000| PB 0x00000007eec00000| Untracked 
|1911|0x00000007eee00000, 0x00000007eee00000, 0x00000007ef000000|  0%| F|  |TAMS 0x00000007eee00000| PB 0x00000007eee00000| Untracked 
|1912|0x00000007ef000000, 0x00000007ef000000, 0x00000007ef200000|  0%| F|  |TAMS 0x00000007ef000000| PB 0x00000007ef000000| Untracked 
|1913|0x00000007ef200000, 0x00000007ef200000, 0x00000007ef400000|  0%| F|  |TAMS 0x00000007ef200000| PB 0x00000007ef200000| Untracked 
|1914|0x00000007ef400000, 0x00000007ef400000, 0x00000007ef600000|  0%| F|  |TAMS 0x00000007ef400000| PB 0x00000007ef400000| Untracked 
|1915|0x00000007ef600000, 0x00000007ef600000, 0x00000007ef800000|  0%| F|  |TAMS 0x00000007ef600000| PB 0x00000007ef600000| Untracked 
|1916|0x00000007ef800000, 0x00000007ef800000, 0x00000007efa00000|  0%| F|  |TAMS 0x00000007ef800000| PB 0x00000007ef800000| Untracked 
|1917|0x00000007efa00000, 0x00000007efa00000, 0x00000007efc00000|  0%| F|  |TAMS 0x00000007efa00000| PB 0x00000007efa00000| Untracked 
|1918|0x00000007efc00000, 0x00000007efc00000, 0x00000007efe00000|  0%| F|  |TAMS 0x00000007efc00000| PB 0x00000007efc00000| Untracked 
|1919|0x00000007efe00000, 0x00000007efe00000, 0x00000007f0000000|  0%| F|  |TAMS 0x00000007efe00000| PB 0x00000007efe00000| Untracked 
|1920|0x00000007f0000000, 0x00000007f0000000, 0x00000007f0200000|  0%| F|  |TAMS 0x00000007f0000000| PB 0x00000007f0000000| Untracked 
|1921|0x00000007f0200000, 0x00000007f0200000, 0x00000007f0400000|  0%| F|  |TAMS 0x00000007f0200000| PB 0x00000007f0200000| Untracked 
|1922|0x00000007f0400000, 0x00000007f0400000, 0x00000007f0600000|  0%| F|  |TAMS 0x00000007f0400000| PB 0x00000007f0400000| Untracked 
|1923|0x00000007f0600000, 0x00000007f0600000, 0x00000007f0800000|  0%| F|  |TAMS 0x00000007f0600000| PB 0x00000007f0600000| Untracked 
|1924|0x00000007f0800000, 0x00000007f0800000, 0x00000007f0a00000|  0%| F|  |TAMS 0x00000007f0800000| PB 0x00000007f0800000| Untracked 
|1925|0x00000007f0a00000, 0x00000007f0a00000, 0x00000007f0c00000|  0%| F|  |TAMS 0x00000007f0a00000| PB 0x00000007f0a00000| Untracked 
|1926|0x00000007f0c00000, 0x00000007f0c00000, 0x00000007f0e00000|  0%| F|  |TAMS 0x00000007f0c00000| PB 0x00000007f0c00000| Untracked 
|1927|0x00000007f0e00000, 0x00000007f0e00000, 0x00000007f1000000|  0%| F|  |TAMS 0x00000007f0e00000| PB 0x00000007f0e00000| Untracked 
|1928|0x00000007f1000000, 0x00000007f1000000, 0x00000007f1200000|  0%| F|  |TAMS 0x00000007f1000000| PB 0x00000007f1000000| Untracked 
|1929|0x00000007f1200000, 0x00000007f1200000, 0x00000007f1400000|  0%| F|  |TAMS 0x00000007f1200000| PB 0x00000007f1200000| Untracked 
|1930|0x00000007f1400000, 0x00000007f1400000, 0x00000007f1600000|  0%| F|  |TAMS 0x00000007f1400000| PB 0x00000007f1400000| Untracked 
|1931|0x00000007f1600000, 0x00000007f1600000, 0x00000007f1800000|  0%| F|  |TAMS 0x00000007f1600000| PB 0x00000007f1600000| Untracked 
|1932|0x00000007f1800000, 0x00000007f1800000, 0x00000007f1a00000|  0%| F|  |TAMS 0x00000007f1800000| PB 0x00000007f1800000| Untracked 
|1933|0x00000007f1a00000, 0x00000007f1a00000, 0x00000007f1c00000|  0%| F|  |TAMS 0x00000007f1a00000| PB 0x00000007f1a00000| Untracked 
|1934|0x00000007f1c00000, 0x00000007f1c00000, 0x00000007f1e00000|  0%| F|  |TAMS 0x00000007f1c00000| PB 0x00000007f1c00000| Untracked 
|1935|0x00000007f1e00000, 0x00000007f1e00000, 0x00000007f2000000|  0%| F|  |TAMS 0x00000007f1e00000| PB 0x00000007f1e00000| Untracked 
|1936|0x00000007f2000000, 0x00000007f2000000, 0x00000007f2200000|  0%| F|  |TAMS 0x00000007f2000000| PB 0x00000007f2000000| Untracked 
|1937|0x00000007f2200000, 0x00000007f2200000, 0x00000007f2400000|  0%| F|  |TAMS 0x00000007f2200000| PB 0x00000007f2200000| Untracked 
|1938|0x00000007f2400000, 0x00000007f2400000, 0x00000007f2600000|  0%| F|  |TAMS 0x00000007f2400000| PB 0x00000007f2400000| Untracked 
|1939|0x00000007f2600000, 0x00000007f2600000, 0x00000007f2800000|  0%| F|  |TAMS 0x00000007f2600000| PB 0x00000007f2600000| Untracked 
|1940|0x00000007f2800000, 0x00000007f2800000, 0x00000007f2a00000|  0%| F|  |TAMS 0x00000007f2800000| PB 0x00000007f2800000| Untracked 
|1941|0x00000007f2a00000, 0x00000007f2a00000, 0x00000007f2c00000|  0%| F|  |TAMS 0x00000007f2a00000| PB 0x00000007f2a00000| Untracked 
|1942|0x00000007f2c00000, 0x00000007f2c00000, 0x00000007f2e00000|  0%| F|  |TAMS 0x00000007f2c00000| PB 0x00000007f2c00000| Untracked 
|1943|0x00000007f2e00000, 0x00000007f2e00000, 0x00000007f3000000|  0%| F|  |TAMS 0x00000007f2e00000| PB 0x00000007f2e00000| Untracked 
|1944|0x00000007f3000000, 0x00000007f3000000, 0x00000007f3200000|  0%| F|  |TAMS 0x00000007f3000000| PB 0x00000007f3000000| Untracked 
|1945|0x00000007f3200000, 0x00000007f3200000, 0x00000007f3400000|  0%| F|  |TAMS 0x00000007f3200000| PB 0x00000007f3200000| Untracked 
|1946|0x00000007f3400000, 0x00000007f3400000, 0x00000007f3600000|  0%| F|  |TAMS 0x00000007f3400000| PB 0x00000007f3400000| Untracked 
|1947|0x00000007f3600000, 0x00000007f3600000, 0x00000007f3800000|  0%| F|  |TAMS 0x00000007f3600000| PB 0x00000007f3600000| Untracked 
|1948|0x00000007f3800000, 0x00000007f3800000, 0x00000007f3a00000|  0%| F|  |TAMS 0x00000007f3800000| PB 0x00000007f3800000| Untracked 
|1949|0x00000007f3a00000, 0x00000007f3a00000, 0x00000007f3c00000|  0%| F|  |TAMS 0x00000007f3a00000| PB 0x00000007f3a00000| Untracked 
|1950|0x00000007f3c00000, 0x00000007f3c00000, 0x00000007f3e00000|  0%| F|  |TAMS 0x00000007f3c00000| PB 0x00000007f3c00000| Untracked 
|1951|0x00000007f3e00000, 0x00000007f3e00000, 0x00000007f4000000|  0%| F|  |TAMS 0x00000007f3e00000| PB 0x00000007f3e00000| Untracked 
|1952|0x00000007f4000000, 0x00000007f4000000, 0x00000007f4200000|  0%| F|  |TAMS 0x00000007f4000000| PB 0x00000007f4000000| Untracked 
|1953|0x00000007f4200000, 0x00000007f4200000, 0x00000007f4400000|  0%| F|  |TAMS 0x00000007f4200000| PB 0x00000007f4200000| Untracked 
|1954|0x00000007f4400000, 0x00000007f4400000, 0x00000007f4600000|  0%| F|  |TAMS 0x00000007f4400000| PB 0x00000007f4400000| Untracked 
|1955|0x00000007f4600000, 0x00000007f4600000, 0x00000007f4800000|  0%| F|  |TAMS 0x00000007f4600000| PB 0x00000007f4600000| Untracked 
|1956|0x00000007f4800000, 0x00000007f4800000, 0x00000007f4a00000|  0%| F|  |TAMS 0x00000007f4800000| PB 0x00000007f4800000| Untracked 
|1957|0x00000007f4a00000, 0x00000007f4a00000, 0x00000007f4c00000|  0%| F|  |TAMS 0x00000007f4a00000| PB 0x00000007f4a00000| Untracked 
|1958|0x00000007f4c00000, 0x00000007f4da3130, 0x00000007f4e00000| 81%| S|CS|TAMS 0x00000007f4c00000| PB 0x00000007f4c00000| Complete 
|1959|0x00000007f4e00000, 0x00000007f5000000, 0x00000007f5000000|100%| S|CS|TAMS 0x00000007f4e00000| PB 0x00000007f4e00000| Complete 
|1960|0x00000007f5000000, 0x00000007f5200000, 0x00000007f5200000|100%| S|CS|TAMS 0x00000007f5000000| PB 0x00000007f5000000| Complete 
|1961|0x00000007f5200000, 0x00000007f5400000, 0x00000007f5400000|100%| S|CS|TAMS 0x00000007f5200000| PB 0x00000007f5200000| Complete 
|1962|0x00000007f5400000, 0x00000007f5400000, 0x00000007f5600000|  0%| F|  |TAMS 0x00000007f5400000| PB 0x00000007f5400000| Untracked 
|1963|0x00000007f5600000, 0x00000007f5600000, 0x00000007f5800000|  0%| F|  |TAMS 0x00000007f5600000| PB 0x00000007f5600000| Untracked 
|1964|0x00000007f5800000, 0x00000007f5800000, 0x00000007f5a00000|  0%| F|  |TAMS 0x00000007f5800000| PB 0x00000007f5800000| Untracked 
|1965|0x00000007f5a00000, 0x00000007f5a00000, 0x00000007f5c00000|  0%| F|  |TAMS 0x00000007f5a00000| PB 0x00000007f5a00000| Untracked 
|1966|0x00000007f5c00000, 0x00000007f5c00000, 0x00000007f5e00000|  0%| F|  |TAMS 0x00000007f5c00000| PB 0x00000007f5c00000| Untracked 
|1967|0x00000007f5e00000, 0x00000007f5e00000, 0x00000007f6000000|  0%| F|  |TAMS 0x00000007f5e00000| PB 0x00000007f5e00000| Untracked 
|1968|0x00000007f6000000, 0x00000007f6000000, 0x00000007f6200000|  0%| F|  |TAMS 0x00000007f6000000| PB 0x00000007f6000000| Untracked 
|1969|0x00000007f6200000, 0x00000007f6200000, 0x00000007f6400000|  0%| F|  |TAMS 0x00000007f6200000| PB 0x00000007f6200000| Untracked 
|1970|0x00000007f6400000, 0x00000007f6400000, 0x00000007f6600000|  0%| F|  |TAMS 0x00000007f6400000| PB 0x00000007f6400000| Untracked 
|1971|0x00000007f6600000, 0x00000007f6600000, 0x00000007f6800000|  0%| F|  |TAMS 0x00000007f6600000| PB 0x00000007f6600000| Untracked 
|1972|0x00000007f6800000, 0x00000007f6800000, 0x00000007f6a00000|  0%| F|  |TAMS 0x00000007f6800000| PB 0x00000007f6800000| Untracked 
|1973|0x00000007f6a00000, 0x00000007f6a00000, 0x00000007f6c00000|  0%| F|  |TAMS 0x00000007f6a00000| PB 0x00000007f6a00000| Untracked 
|1974|0x00000007f6c00000, 0x00000007f6c00000, 0x00000007f6e00000|  0%| F|  |TAMS 0x00000007f6c00000| PB 0x00000007f6c00000| Untracked 
|1975|0x00000007f6e00000, 0x00000007f6e00000, 0x00000007f7000000|  0%| F|  |TAMS 0x00000007f6e00000| PB 0x00000007f6e00000| Untracked 
|1976|0x00000007f7000000, 0x00000007f7000000, 0x00000007f7200000|  0%| F|  |TAMS 0x00000007f7000000| PB 0x00000007f7000000| Untracked 
|1977|0x00000007f7200000, 0x00000007f7200000, 0x00000007f7400000|  0%| F|  |TAMS 0x00000007f7200000| PB 0x00000007f7200000| Untracked 
|1978|0x00000007f7400000, 0x00000007f7400000, 0x00000007f7600000|  0%| F|  |TAMS 0x00000007f7400000| PB 0x00000007f7400000| Untracked 
|1979|0x00000007f7600000, 0x00000007f7600000, 0x00000007f7800000|  0%| F|  |TAMS 0x00000007f7600000| PB 0x00000007f7600000| Untracked 
|1980|0x00000007f7800000, 0x00000007f7800000, 0x00000007f7a00000|  0%| F|  |TAMS 0x00000007f7800000| PB 0x00000007f7800000| Untracked 
|1981|0x00000007f7a00000, 0x00000007f7a00000, 0x00000007f7c00000|  0%| F|  |TAMS 0x00000007f7a00000| PB 0x00000007f7a00000| Untracked 
|1982|0x00000007f7c00000, 0x00000007f7c00000, 0x00000007f7e00000|  0%| F|  |TAMS 0x00000007f7c00000| PB 0x00000007f7c00000| Untracked 
|1983|0x00000007f7e00000, 0x00000007f7e00000, 0x00000007f8000000|  0%| F|  |TAMS 0x00000007f7e00000| PB 0x00000007f7e00000| Untracked 
|1984|0x00000007f8000000, 0x00000007f8000000, 0x00000007f8200000|  0%| F|  |TAMS 0x00000007f8000000| PB 0x00000007f8000000| Untracked 
|1985|0x00000007f8200000, 0x00000007f8200000, 0x00000007f8400000|  0%| F|  |TAMS 0x00000007f8200000| PB 0x00000007f8200000| Untracked 
|1986|0x00000007f8400000, 0x00000007f8400000, 0x00000007f8600000|  0%| F|  |TAMS 0x00000007f8400000| PB 0x00000007f8400000| Untracked 
|1987|0x00000007f8600000, 0x00000007f8600000, 0x00000007f8800000|  0%| F|  |TAMS 0x00000007f8600000| PB 0x00000007f8600000| Untracked 
|1988|0x00000007f8800000, 0x00000007f8800000, 0x00000007f8a00000|  0%| F|  |TAMS 0x00000007f8800000| PB 0x00000007f8800000| Untracked 
|1989|0x00000007f8a00000, 0x00000007f8a00000, 0x00000007f8c00000|  0%| F|  |TAMS 0x00000007f8a00000| PB 0x00000007f8a00000| Untracked 
|1990|0x00000007f8c00000, 0x00000007f8c00000, 0x00000007f8e00000|  0%| F|  |TAMS 0x00000007f8c00000| PB 0x00000007f8c00000| Untracked 
|1991|0x00000007f8e00000, 0x00000007f8e00000, 0x00000007f9000000|  0%| F|  |TAMS 0x00000007f8e00000| PB 0x00000007f8e00000| Untracked 
|1992|0x00000007f9000000, 0x00000007f9000000, 0x00000007f9200000|  0%| F|  |TAMS 0x00000007f9000000| PB 0x00000007f9000000| Untracked 
|1993|0x00000007f9200000, 0x00000007f9200000, 0x00000007f9400000|  0%| F|  |TAMS 0x00000007f9200000| PB 0x00000007f9200000| Untracked 
|1994|0x00000007f9400000, 0x00000007f9400000, 0x00000007f9600000|  0%| F|  |TAMS 0x00000007f9400000| PB 0x00000007f9400000| Untracked 
|1995|0x00000007f9600000, 0x00000007f9800000, 0x00000007f9800000|100%| O|  |TAMS 0x00000007f9800000| PB 0x00000007f9600000| Untracked 
|1996|0x00000007f9800000, 0x00000007f9a00000, 0x00000007f9a00000|100%| O|  |TAMS 0x00000007f9a00000| PB 0x00000007f9800000| Untracked 
|1997|0x00000007f9a00000, 0x00000007f9c00000, 0x00000007f9c00000|100%| O|  |TAMS 0x00000007f9c00000| PB 0x00000007f9a00000| Untracked 
|1998|0x00000007f9c00000, 0x00000007f9c00000, 0x00000007f9e00000|  0%| F|  |TAMS 0x00000007f9c00000| PB 0x00000007f9c00000| Untracked 
|1999|0x00000007f9e00000, 0x00000007f9e00000, 0x00000007fa000000|  0%| F|  |TAMS 0x00000007f9e00000| PB 0x00000007f9e00000| Untracked 
|2000|0x00000007fa000000, 0x00000007fa000000, 0x00000007fa200000|  0%| F|  |TAMS 0x00000007fa000000| PB 0x00000007fa000000| Untracked 
|2001|0x00000007fa200000, 0x00000007fa200000, 0x00000007fa400000|  0%| F|  |TAMS 0x00000007fa200000| PB 0x00000007fa200000| Untracked 
|2002|0x00000007fa400000, 0x00000007fa400000, 0x00000007fa600000|  0%| F|  |TAMS 0x00000007fa400000| PB 0x00000007fa400000| Untracked 
|2003|0x00000007fa600000, 0x00000007fa600000, 0x00000007fa800000|  0%| F|  |TAMS 0x00000007fa600000| PB 0x00000007fa600000| Untracked 
|2004|0x00000007fa800000, 0x00000007fa800000, 0x00000007faa00000|  0%| F|  |TAMS 0x00000007fa800000| PB 0x00000007fa800000| Untracked 
|2005|0x00000007faa00000, 0x00000007faa00000, 0x00000007fac00000|  0%| F|  |TAMS 0x00000007faa00000| PB 0x00000007faa00000| Untracked 
|2006|0x00000007fac00000, 0x00000007fac00000, 0x00000007fae00000|  0%| F|  |TAMS 0x00000007fac00000| PB 0x00000007fac00000| Untracked 
|2007|0x00000007fae00000, 0x00000007fae00000, 0x00000007fb000000|  0%| F|  |TAMS 0x00000007fae00000| PB 0x00000007fae00000| Untracked 
|2008|0x00000007fb000000, 0x00000007fb000000, 0x00000007fb200000|  0%| F|  |TAMS 0x00000007fb000000| PB 0x00000007fb000000| Untracked 
|2009|0x00000007fb200000, 0x00000007fb200000, 0x00000007fb400000|  0%| F|  |TAMS 0x00000007fb200000| PB 0x00000007fb200000| Untracked 
|2010|0x00000007fb400000, 0x00000007fb400000, 0x00000007fb600000|  0%| F|  |TAMS 0x00000007fb400000| PB 0x00000007fb400000| Untracked 
|2011|0x00000007fb600000, 0x00000007fb600000, 0x00000007fb800000|  0%| F|  |TAMS 0x00000007fb600000| PB 0x00000007fb600000| Untracked 
|2012|0x00000007fb800000, 0x00000007fb800000, 0x00000007fba00000|  0%| F|  |TAMS 0x00000007fb800000| PB 0x00000007fb800000| Untracked 
|2013|0x00000007fba00000, 0x00000007fba00000, 0x00000007fbc00000|  0%| F|  |TAMS 0x00000007fba00000| PB 0x00000007fba00000| Untracked 
|2014|0x00000007fbc00000, 0x00000007fbc00000, 0x00000007fbe00000|  0%| F|  |TAMS 0x00000007fbc00000| PB 0x00000007fbc00000| Untracked 
|2015|0x00000007fbe00000, 0x00000007fbe00000, 0x00000007fc000000|  0%| F|  |TAMS 0x00000007fbe00000| PB 0x00000007fbe00000| Untracked 
|2016|0x00000007fc000000, 0x00000007fc000000, 0x00000007fc200000|  0%| F|  |TAMS 0x00000007fc000000| PB 0x00000007fc000000| Untracked 
|2017|0x00000007fc200000, 0x00000007fc200000, 0x00000007fc400000|  0%| F|  |TAMS 0x00000007fc200000| PB 0x00000007fc200000| Untracked 
|2018|0x00000007fc400000, 0x00000007fc400000, 0x00000007fc600000|  0%| F|  |TAMS 0x00000007fc400000| PB 0x00000007fc400000| Untracked 
|2019|0x00000007fc600000, 0x00000007fc600000, 0x00000007fc800000|  0%| F|  |TAMS 0x00000007fc600000| PB 0x00000007fc600000| Untracked 
|2020|0x00000007fc800000, 0x00000007fc800000, 0x00000007fca00000|  0%| F|  |TAMS 0x00000007fc800000| PB 0x00000007fc800000| Untracked 
|2021|0x00000007fca00000, 0x00000007fca00000, 0x00000007fcc00000|  0%| F|  |TAMS 0x00000007fca00000| PB 0x00000007fca00000| Untracked 
|2022|0x00000007fcc00000, 0x00000007fcc00000, 0x00000007fce00000|  0%| F|  |TAMS 0x00000007fcc00000| PB 0x00000007fcc00000| Untracked 
|2023|0x00000007fce00000, 0x00000007fce00000, 0x00000007fd000000|  0%| F|  |TAMS 0x00000007fce00000| PB 0x00000007fce00000| Untracked 
|2024|0x00000007fd000000, 0x00000007fd000000, 0x00000007fd200000|  0%| F|  |TAMS 0x00000007fd000000| PB 0x00000007fd000000| Untracked 
|2025|0x00000007fd200000, 0x00000007fd200000, 0x00000007fd400000|  0%| F|  |TAMS 0x00000007fd200000| PB 0x00000007fd200000| Untracked 
|2026|0x00000007fd400000, 0x00000007fd400000, 0x00000007fd600000|  0%| F|  |TAMS 0x00000007fd400000| PB 0x00000007fd400000| Untracked 
|2027|0x00000007fd600000, 0x00000007fd600000, 0x00000007fd800000|  0%| F|  |TAMS 0x00000007fd600000| PB 0x00000007fd600000| Untracked 
|2028|0x00000007fd800000, 0x00000007fd800000, 0x00000007fda00000|  0%| F|  |TAMS 0x00000007fd800000| PB 0x00000007fd800000| Untracked 
|2029|0x00000007fda00000, 0x00000007fdc00000, 0x00000007fdc00000|100%| O|  |TAMS 0x00000007fdc00000| PB 0x00000007fda00000| Untracked 
|2030|0x00000007fdc00000, 0x00000007fdc00000, 0x00000007fde00000|  0%| F|  |TAMS 0x00000007fdc00000| PB 0x00000007fdc00000| Untracked 
|2031|0x00000007fde00000, 0x00000007fde00000, 0x00000007fe000000|  0%| F|  |TAMS 0x00000007fde00000| PB 0x00000007fde00000| Untracked 
|2032|0x00000007fe000000, 0x00000007fe0832b0, 0x00000007fe200000| 25%| E|  |TAMS 0x00000007fe000000| PB 0x00000007fe000000| Complete 
|2033|0x00000007fe200000, 0x00000007fe400000, 0x00000007fe400000|100%| E|CS|TAMS 0x00000007fe200000| PB 0x00000007fe200000| Complete 
|2034|0x00000007fe400000, 0x00000007fe600000, 0x00000007fe600000|100%| O|  |TAMS 0x00000007fe600000| PB 0x00000007fe400000| Untracked 
|2035|0x00000007fe600000, 0x00000007fe800000, 0x00000007fe800000|100%| O|  |TAMS 0x00000007fe800000| PB 0x00000007fe600000| Untracked 
|2036|0x00000007fe800000, 0x00000007fea00000, 0x00000007fea00000|100%| O|  |TAMS 0x00000007fea00000| PB 0x00000007fe800000| Untracked 
|2037|0x00000007fea00000, 0x00000007fec00000, 0x00000007fec00000|100%| O|  |TAMS 0x00000007fec00000| PB 0x00000007fea00000| Untracked 
|2038|0x00000007fec00000, 0x00000007fee00000, 0x00000007fee00000|100%| O|  |TAMS 0x00000007fee00000| PB 0x00000007fec00000| Untracked 
|2039|0x00000007fee00000, 0x00000007ff000000, 0x00000007ff000000|100%| O|  |TAMS 0x00000007ff000000| PB 0x00000007fee00000| Untracked 
|2040|0x00000007ff000000, 0x00000007ff200000, 0x00000007ff200000|100%| O|  |TAMS 0x00000007ff200000| PB 0x00000007ff000000| Untracked 
|2041|0x00000007ff200000, 0x00000007ff400000, 0x00000007ff400000|100%| O|  |TAMS 0x00000007ff400000| PB 0x00000007ff200000| Untracked 
|2042|0x00000007ff400000, 0x00000007ff600000, 0x00000007ff600000|100%| O|  |TAMS 0x00000007ff600000| PB 0x00000007ff400000| Untracked 
|2043|0x00000007ff600000, 0x00000007ff800000, 0x00000007ff800000|100%| O|  |TAMS 0x00000007ff800000| PB 0x00000007ff600000| Untracked 
|2044|0x00000007ff800000, 0x00000007ffa00000, 0x00000007ffa00000|100%| O|  |TAMS 0x00000007ffa00000| PB 0x00000007ff800000| Untracked 
|2045|0x00000007ffa00000, 0x00000007ffc00000, 0x00000007ffc00000|100%| O|  |TAMS 0x00000007ffc00000| PB 0x00000007ffa00000| Untracked 
|2046|0x00000007ffc00000, 0x00000007ffe00000, 0x00000007ffe00000|100%| O|  |TAMS 0x00000007ffe00000| PB 0x00000007ffc00000| Untracked 
|2047|0x00000007ffe00000, 0x0000000800000000, 0x0000000800000000|100%| O|  |TAMS 0x0000000800000000| PB 0x00000007ffe00000| Untracked 

Card table byte_map: [0x000001fb7e2e0000,0x000001fb7eae0000] _byte_map_base: 0x000001fb7aae0000

Marking Bits: (CMBitMap*) 0x000001fb72e49860
 Bits: [0x000001fb0f000000, 0x000001fb13000000)

Polling page: 0x000001fb72ea0000

Metaspace:

Usage:
  Non-class:     83.31 MB used.
      Class:     13.24 MB used.
       Both:     96.55 MB used.

Virtual space:
  Non-class space:      128.00 MB reserved,      84.56 MB ( 66%) committed,  2 nodes.
      Class space:        1.00 GB reserved,      14.44 MB (  1%) committed,  1 nodes.
             Both:        1.12 GB reserved,      99.00 MB (  9%) committed. 

Chunk freelists:
   Non-Class:  10.76 MB
       Class:  1.61 MB
        Both:  12.37 MB

MaxMetaspaceSize: unlimited
CompressedClassSpaceSize: 1.00 GB
Initial GC threshold: 21.00 MB
Current GC threshold: 164.69 MB
CDS: on
 - commit_granule_bytes: 65536.
 - commit_granule_words: 8192.
 - virtual_space_node_default_size: 8388608.
 - enlarge_chunks_in_place: 1.
 - use_allocation_guard: 0.


Internal statistics:

num_allocs_failed_limit: 14.
num_arena_births: 4348.
num_arena_deaths: 0.
num_vsnodes_births: 3.
num_vsnodes_deaths: 0.
num_space_committed: 1584.
num_space_uncommitted: 0.
num_chunks_returned_to_freelist: 14.
num_chunks_taken_from_freelist: 8905.
num_chunk_merges: 11.
num_chunk_splits: 5641.
num_chunks_enlarged: 3360.
num_inconsistent_stats: 0.

CodeHeap 'non-profiled nmethods': size=120000Kb used=12007Kb max_used=13274Kb free=107992Kb
 bounds [0x000001fb07ad0000, 0x000001fb087d0000, 0x000001fb0f000000]
CodeHeap 'profiled nmethods': size=120000Kb used=20478Kb max_used=26938Kb free=99522Kb
 bounds [0x000001fb00000000, 0x000001fb01a50000, 0x000001fb07530000]
CodeHeap 'non-nmethods': size=5760Kb used=2998Kb max_used=3073Kb free=2761Kb
 bounds [0x000001fb07530000, 0x000001fb07840000, 0x000001fb07ad0000]
CodeCache: size=245760Kb, used=35483Kb, max_used=43285Kb, free=210275Kb
 total_blobs=12372, nmethods=11370, adapters=905, full_count=0
Compilation: enabled, stopped_count=0, restarted_count=0

Compilation events (20 events):
Event: 2864.106 Thread 0x000001fb7f830090 22616       3       org.gradle.internal.execution.impl.DefaultWorkValidationContext::getProblems (8 bytes)
Event: 2864.106 Thread 0x000001fb7f830090 nmethod 22616 0x000001fb01774610 code [0x000001fb017747c0, 0x000001fb01774980]
Event: 2864.108 Thread 0x000001fb7f830090 22617       3       org.gradle.internal.deprecation.Documentation::userManual (11 bytes)
Event: 2864.109 Thread 0x000001fb7f830090 nmethod 22617 0x000001fb00f0a010 code [0x000001fb00f0a200, 0x000001fb00f0a7e8]
Event: 2864.109 Thread 0x000001fb7f830090 22619       3       org.gradle.internal.snapshot.SnapshotUtil::getRootHashes (33 bytes)
Event: 2864.112 Thread 0x000001fb7f830090 nmethod 22619 0x000001fb01151e10 code [0x000001fb011520c0, 0x000001fb01152e10]
Event: 2864.112 Thread 0x000001fb7f830090 22620       3       org.gradle.internal.snapshot.SnapshotUtil$$Lambda/0x000001fb1659b550::<init> (10 bytes)
Event: 2864.112 Thread 0x000001fb7f830090 nmethod 22620 0x000001fb015ded90 code [0x000001fb015def40, 0x000001fb015df100]
Event: 2864.112 Thread 0x000001fb7f830090 22618       3       org.gradle.internal.execution.steps.ExecuteWorkBuildOperationFiringStep::execute (32 bytes)
Event: 2864.113 Thread 0x000001fb7f830090 nmethod 22618 0x000001fb00ab6c90 code [0x000001fb00ab6fc0, 0x000001fb00ab8570]
Event: 2864.113 Thread 0x000001fb7f830090 22621       3       com.google.common.collect.ImmutableSortedMap$1EntrySet::iterator (5 bytes)
Event: 2864.113 Thread 0x000001fb7f830090 nmethod 22621 0x000001fb0140db10 code [0x000001fb0140dd20, 0x000001fb0140e438]
Event: 2864.114 Thread 0x000001fb7f830090 22622       3       org.gradle.internal.execution.steps.ExecuteWorkBuildOperationFiringStep::execute (10 bytes)
Event: 2864.115 Thread 0x000001fb7f830090 nmethod 22622 0x000001fb00f31290 code [0x000001fb00f315c0, 0x000001fb00f32c18]
Event: 2864.115 Thread 0x000001fb7f830090 22623       1       org.gradle.internal.execution.history.changes.ExecutionStateChanges$1::getChangeDescriptions (5 bytes)
Event: 2864.115 Thread 0x000001fb7f830090 nmethod 22623 0x000001fb08732090 code [0x000001fb08732220, 0x000001fb087322f0]
Event: 2864.115 Thread 0x000001fb7f830090 22624       1       org.gradle.internal.execution.ExecutionEngine$Execution$1::getOutcome (5 bytes)
Event: 2864.115 Thread 0x000001fb7f830090 nmethod 22624 0x000001fb08775d90 code [0x000001fb08775f20, 0x000001fb08775ff0]
Event: 2864.117 Thread 0x000001fb7f830090 22625       3       org.gradle.internal.properties.annotations.AbstractTypeMetadataWalker::lambda$walkChildren$3 (22 bytes)
Event: 2864.118 Thread 0x000001fb7f830090 nmethod 22625 0x000001fb014ad110 code [0x000001fb014ad360, 0x000001fb014adb88]

GC Heap History (20 events):
Event: 2177.276 GC heap before
{Heap before GC invocations=65 (full 0):
 garbage-first heap   total 966656K, used 409600K [0x0000000700000000, 0x0000000800000000)
  region size 2048K, 27 young (55296K), 25 survivors (51200K)
 Metaspace       used 97946K, committed 100416K, reserved 1179648K
  class space    used 13514K, committed 14720K, reserved 1048576K
}
Event: 2177.304 GC heap after
{Heap after GC invocations=66 (full 0):
 garbage-first heap   total 966656K, used 418595K [0x0000000700000000, 0x0000000800000000)
  region size 2048K, 3 young (6144K), 3 survivors (6144K)
 Metaspace       used 97946K, committed 100416K, reserved 1179648K
  class space    used 13514K, committed 14720K, reserved 1048576K
}
Event: 2263.271 GC heap before
{Heap before GC invocations=67 (full 0):
 garbage-first heap   total 966656K, used 883491K [0x0000000700000000, 0x0000000800000000)
  region size 2048K, 176 young (360448K), 3 survivors (6144K)
 Metaspace       used 98361K, committed 100864K, reserved 1179648K
  class space    used 13544K, committed 14720K, reserved 1048576K
}
Event: 2263.301 GC heap after
{Heap after GC invocations=68 (full 0):
 garbage-first heap   total 966656K, used 393216K [0x0000000700000000, 0x0000000800000000)
  region size 2048K, 22 young (45056K), 22 survivors (45056K)
 Metaspace       used 98361K, committed 100864K, reserved 1179648K
  class space    used 13544K, committed 14720K, reserved 1048576K
}
Event: 2264.279 GC heap before
{Heap before GC invocations=68 (full 0):
 garbage-first heap   total 966656K, used 933888K [0x0000000700000000, 0x0000000800000000)
  region size 2048K, 202 young (413696K), 22 survivors (45056K)
 Metaspace       used 98390K, committed 100864K, reserved 1179648K
  class space    used 13544K, committed 14720K, reserved 1048576K
}
Event: 2264.324 GC heap after
{Heap after GC invocations=69 (full 0):
 garbage-first heap   total 1093632K, used 463872K [0x0000000700000000, 0x0000000800000000)
  region size 2048K, 26 young (53248K), 26 survivors (53248K)
 Metaspace       used 98390K, committed 100864K, reserved 1179648K
  class space    used 13544K, committed 14720K, reserved 1048576K
}
Event: 2264.382 GC heap before
{Heap before GC invocations=69 (full 0):
 garbage-first heap   total 1093632K, used 566272K [0x0000000700000000, 0x0000000800000000)
  region size 2048K, 77 young (157696K), 26 survivors (53248K)
 Metaspace       used 98390K, committed 100864K, reserved 1179648K
  class space    used 13544K, committed 14720K, reserved 1048576K
}
Event: 2264.425 GC heap after
{Heap after GC invocations=70 (full 0):
 garbage-first heap   total 1093632K, used 536576K [0x0000000700000000, 0x0000000800000000)
  region size 2048K, 27 young (55296K), 27 survivors (55296K)
 Metaspace       used 98390K, committed 100864K, reserved 1179648K
  class space    used 13544K, committed 14720K, reserved 1048576K
}
Event: 2311.789 GC heap before
{Heap before GC invocations=71 (full 0):
 garbage-first heap   total 1093632K, used 993280K [0x0000000700000000, 0x0000000800000000)
  region size 2048K, 164 young (335872K), 27 survivors (55296K)
 Metaspace       used 98625K, committed 101120K, reserved 1179648K
  class space    used 13552K, committed 14784K, reserved 1048576K
}
Event: 2311.809 GC heap after
{Heap after GC invocations=72 (full 0):
 garbage-first heap   total 1093632K, used 465920K [0x0000000700000000, 0x0000000800000000)
  region size 2048K, 11 young (22528K), 11 survivors (22528K)
 Metaspace       used 98625K, committed 101120K, reserved 1179648K
  class space    used 13552K, committed 14784K, reserved 1048576K
}
Event: 2312.008 GC heap before
{Heap before GC invocations=72 (full 0):
 garbage-first heap   total 1093632K, used 824320K [0x0000000700000000, 0x0000000800000000)
  region size 2048K, 177 young (362496K), 11 survivors (22528K)
 Metaspace       used 98625K, committed 101120K, reserved 1179648K
  class space    used 13552K, committed 14784K, reserved 1048576K
}
Event: 2312.042 GC heap after
{Heap after GC invocations=73 (full 0):
 garbage-first heap   total 1093632K, used 537600K [0x0000000700000000, 0x0000000800000000)
  region size 2048K, 23 young (47104K), 23 survivors (47104K)
 Metaspace       used 98625K, committed 101120K, reserved 1179648K
  class space    used 13552K, committed 14784K, reserved 1048576K
}
Event: 2312.046 GC heap before
{Heap before GC invocations=73 (full 0):
 garbage-first heap   total 1093632K, used 541696K [0x0000000700000000, 0x0000000800000000)
  region size 2048K, 26 young (53248K), 23 survivors (47104K)
 Metaspace       used 98625K, committed 101120K, reserved 1179648K
  class space    used 13552K, committed 14784K, reserved 1048576K
}
Event: 2312.063 GC heap after
{Heap after GC invocations=74 (full 0):
 garbage-first heap   total 1093632K, used 543353K [0x0000000700000000, 0x0000000800000000)
  region size 2048K, 4 young (8192K), 4 survivors (8192K)
 Metaspace       used 98625K, committed 101120K, reserved 1179648K
  class space    used 13552K, committed 14784K, reserved 1048576K
}
Event: 2825.999 GC heap before
{Heap before GC invocations=75 (full 0):
 garbage-first heap   total 1093632K, used 772729K [0x0000000700000000, 0x0000000800000000)
  region size 2048K, 122 young (249856K), 4 survivors (8192K)
 Metaspace       used 98814K, committed 101376K, reserved 1179648K
  class space    used 13556K, committed 14784K, reserved 1048576K
}
Event: 2826.047 GC heap after
{Heap after GC invocations=76 (full 0):
 garbage-first heap   total 1093632K, used 393216K [0x0000000700000000, 0x0000000800000000)
  region size 2048K, 16 young (32768K), 16 survivors (32768K)
 Metaspace       used 98814K, committed 101376K, reserved 1179648K
  class space    used 13556K, committed 14784K, reserved 1048576K
}
Event: 2858.914 GC heap before
{Heap before GC invocations=76 (full 0):
 garbage-first heap   total 1093632K, used 872448K [0x0000000700000000, 0x0000000800000000)
  region size 2048K, 183 young (374784K), 16 survivors (32768K)
 Metaspace       used 98840K, committed 101376K, reserved 1179648K
  class space    used 13556K, committed 14784K, reserved 1048576K
}
Event: 2858.972 GC heap after
{Heap after GC invocations=77 (full 0):
 garbage-first heap   total 1093632K, used 422484K [0x0000000700000000, 0x0000000800000000)
  region size 2048K, 23 young (47104K), 23 survivors (47104K)
 Metaspace       used 98840K, committed 101376K, reserved 1179648K
  class space    used 13556K, committed 14784K, reserved 1048576K
}
Event: 2864.072 GC heap before
{Heap before GC invocations=77 (full 0):
 garbage-first heap   total 1093632K, used 559700K [0x0000000700000000, 0x0000000800000000)
  region size 2048K, 91 young (186368K), 23 survivors (47104K)
 Metaspace       used 98860K, committed 101376K, reserved 1179648K
  class space    used 13557K, committed 14784K, reserved 1048576K
}
Event: 2864.094 GC heap after
{Heap after GC invocations=78 (full 0):
 garbage-first heap   total 1093632K, used 432757K [0x0000000700000000, 0x0000000800000000)
  region size 2048K, 4 young (8192K), 4 survivors (8192K)
 Metaspace       used 98860K, committed 101376K, reserved 1179648K
  class space    used 13557K, committed 14784K, reserved 1048576K
}

Dll operation events (15 events):
Event: 0.031 Loaded shared library C:\Program Files\Eclipse Adoptium\jdk-21.0.9.10-hotspot\bin\java.dll
Event: 0.051 Loaded shared library C:\Program Files\Eclipse Adoptium\jdk-21.0.9.10-hotspot\bin\jsvml.dll
Event: 0.074 Loaded shared library C:\Program Files\Eclipse Adoptium\jdk-21.0.9.10-hotspot\bin\zip.dll
Event: 0.081 Loaded shared library C:\Program Files\Eclipse Adoptium\jdk-21.0.9.10-hotspot\bin\instrument.dll
Event: 0.085 Loaded shared library C:\Program Files\Eclipse Adoptium\jdk-21.0.9.10-hotspot\bin\net.dll
Event: 0.086 Loaded shared library C:\Program Files\Eclipse Adoptium\jdk-21.0.9.10-hotspot\bin\nio.dll
Event: 0.088 Loaded shared library C:\Program Files\Eclipse Adoptium\jdk-21.0.9.10-hotspot\bin\zip.dll
Event: 0.215 Loaded shared library C:\Program Files\Eclipse Adoptium\jdk-21.0.9.10-hotspot\bin\jimage.dll
Event: 0.284 Loaded shared library C:\Program Files\Eclipse Adoptium\jdk-21.0.9.10-hotspot\bin\verify.dll
Event: 0.359 Loaded shared library C:\Users\Yuse\.gradle\native\c067742578af261105cb4f569cf0c3c89f3d7b1fecec35dd04571415982c5e48\windows-amd64\native-platform.dll
Event: 0.435 Loaded shared library C:\Users\Yuse\.gradle\native\100fb08df4bc3b14c8652ba06237920a3bd2aa13389f12d3474272988ae205f9\windows-amd64\native-platform-file-events.dll
Event: 1.272 Loaded shared library C:\Program Files\Eclipse Adoptium\jdk-21.0.9.10-hotspot\bin\management.dll
Event: 1.273 Loaded shared library C:\Program Files\Eclipse Adoptium\jdk-21.0.9.10-hotspot\bin\management_ext.dll
Event: 1.431 Loaded shared library C:\Program Files\Eclipse Adoptium\jdk-21.0.9.10-hotspot\bin\extnet.dll
Event: 1.574 Loaded shared library C:\Program Files\Eclipse Adoptium\jdk-21.0.9.10-hotspot\bin\sunmscapi.dll

Deoptimization events (20 events):
Event: 2826.833 Thread 0x000001fb61cf0e10 Uncommon trap: trap_request=0xffffffc6 fr.pc=0x000001fb08117fc8 relative=0x0000000000001568
Event: 2826.833 Thread 0x000001fb61cf0e10 Uncommon trap: reason=bimorphic_or_optimized_type_check action=maybe_recompile pc=0x000001fb08117fc8 method=org.gradle.internal.snapshot.AbstractIncompleteFileSystemNode.anyChildMatches(Lorg/gradle/internal/snapshot/ChildMap;Ljava/util/function/Predicate;
Event: 2826.833 Thread 0x000001fb61cf0e10 DEOPT PACKING pc=0x000001fb08117fc8 sp=0x00000054cebfad00
Event: 2826.833 Thread 0x000001fb61cf0e10 DEOPT UNPACKING pc=0x000001fb07587ba2 sp=0x00000054cebfac70 mode 2
Event: 2826.933 Thread 0x000001fb61cf0e10 DEOPT PACKING pc=0x000001fb011806f3 sp=0x00000054cebfa090
Event: 2826.933 Thread 0x000001fb61cf0e10 DEOPT UNPACKING pc=0x000001fb075886e2 sp=0x00000054cebf9568 mode 0
Event: 2856.177 Thread 0x000001fb61cf0e10 Uncommon trap: trap_request=0xffffffde fr.pc=0x000001fb08108d80 relative=0x00000000000004c0
Event: 2856.177 Thread 0x000001fb61cf0e10 Uncommon trap: reason=class_check action=maybe_recompile pc=0x000001fb08108d80 method=java.io.File.equals(Ljava/lang/Object;)Z @ 1 c2
Event: 2856.177 Thread 0x000001fb61cf0e10 DEOPT PACKING pc=0x000001fb08108d80 sp=0x00000054cebfa490
Event: 2856.178 Thread 0x000001fb61cf0e10 DEOPT UNPACKING pc=0x000001fb07587ba2 sp=0x00000054cebfa448 mode 2
Event: 2856.458 Thread 0x000001fb61cf0e10 Uncommon trap: trap_request=0xffffffde fr.pc=0x000001fb08358340 relative=0x0000000000001a40
Event: 2856.458 Thread 0x000001fb61cf0e10 Uncommon trap: reason=class_check action=maybe_recompile pc=0x000001fb08358340 method=org.gradle.internal.snapshot.ChildMap$Entry.handleAncestorDescendantOrExactMatch(Lorg/gradle/internal/snapshot/VfsRelativePath;Lorg/gradle/internal/snapshot/CaseSensitiv
Event: 2856.458 Thread 0x000001fb61cf0e10 DEOPT PACKING pc=0x000001fb08358340 sp=0x00000054cebfaf40
Event: 2856.458 Thread 0x000001fb61cf0e10 DEOPT UNPACKING pc=0x000001fb07587ba2 sp=0x00000054cebfaf30 mode 2
Event: 2856.630 Thread 0x000001fb61cf0e10 Uncommon trap: trap_request=0xffffffde fr.pc=0x000001fb08358340 relative=0x0000000000001a40
Event: 2856.630 Thread 0x000001fb61cf0e10 Uncommon trap: reason=class_check action=maybe_recompile pc=0x000001fb08358340 method=org.gradle.internal.snapshot.ChildMap$Entry.handleAncestorDescendantOrExactMatch(Lorg/gradle/internal/snapshot/VfsRelativePath;Lorg/gradle/internal/snapshot/CaseSensitiv
Event: 2856.630 Thread 0x000001fb61cf0e10 DEOPT PACKING pc=0x000001fb08358340 sp=0x00000054cebfaae0
Event: 2856.630 Thread 0x000001fb61cf0e10 DEOPT UNPACKING pc=0x000001fb07587ba2 sp=0x00000054cebfaad0 mode 2
Event: 2861.447 Thread 0x000001fb61cf0e10 DEOPT PACKING pc=0x000001fb00128d20 sp=0x00000054cebf83e0
Event: 2861.448 Thread 0x000001fb61cf0e10 DEOPT UNPACKING pc=0x000001fb075886e2 sp=0x00000054cebf78e0 mode 0

Classes loaded (20 events):
Event: 1100.996 Loading class java/util/CollectionsBeanInfo
Event: 1100.996 Loading class java/util/CollectionsBeanInfo done
Event: 1100.996 Loading class java/util/CollectionsCustomizer
Event: 1100.996 Loading class java/util/CollectionsCustomizer done
Event: 1100.996 Loading class java/util/CollectionsCustomizer
Event: 1100.996 Loading class java/util/CollectionsCustomizer done
Event: 1304.099 Loading class java/lang/invoke/WrongMethodTypeException
Event: 1304.126 Loading class java/lang/invoke/WrongMethodTypeException done
Event: 1304.649 Loading class java/lang/Throwable$WrappedPrintWriter
Event: 1304.678 Loading class java/lang/Throwable$PrintStreamOrWriter
Event: 1304.687 Loading class java/lang/Throwable$PrintStreamOrWriter done
Event: 1304.689 Loading class java/lang/Throwable$WrappedPrintWriter done
Event: 1304.963 Loading class java/util/logging/LogRecord
Event: 1304.973 Loading class java/util/logging/LogRecord done
Event: 1305.247 Loading class java/io/NotSerializableException
Event: 1305.248 Loading class java/io/NotSerializableException done
Event: 1305.251 Loading class java/util/Collections$EmptyListIterator
Event: 1305.258 Loading class java/util/Collections$EmptyListIterator done
Event: 1305.346 Loading class java/net/UrlDeserializedState
Event: 1305.348 Loading class java/net/UrlDeserializedState done

Classes unloaded (0 events):
No events

Classes redefined (0 events):
No events

Internal exceptions (20 events):
Event: 2285.668 Thread 0x000001fb5ba13a40 Exception <a 'sun/nio/fs/WindowsException'{0x00000007fc9e1540}> (0x00000007fc9e1540) 
thrown [s\src\hotspot\share\prims\jni.cpp, line 520]
Event: 2285.668 Thread 0x000001fb5ba13a40 Exception <a 'sun/nio/fs/WindowsException'{0x00000007fc9e29e0}> (0x00000007fc9e29e0) 
thrown [s\src\hotspot\share\prims\jni.cpp, line 520]
Event: 2285.668 Thread 0x000001fb5ba13a40 Exception <a 'sun/nio/fs/WindowsException'{0x00000007fc9e3e78}> (0x00000007fc9e3e78) 
thrown [s\src\hotspot\share\prims\jni.cpp, line 520]
Event: 2285.668 Thread 0x000001fb5ba13a40 Exception <a 'sun/nio/fs/WindowsException'{0x00000007fc9e5300}> (0x00000007fc9e5300) 
thrown [s\src\hotspot\share\prims\jni.cpp, line 520]
Event: 2309.634 Thread 0x000001fb5f14b5c0 Exception <a 'java/lang/ClassNotFoundException'{0x00000007efdaf6e8}: SimpleTemplateScript15BeanInfo> (0x00000007efdaf6e8) 
thrown [s\src\hotspot\share\classfile\systemDictionary.cpp, line 312]
Event: 2309.634 Thread 0x000001fb5f14b5c0 Exception <a 'java/lang/ClassNotFoundException'{0x00000007efdbb720}: SimpleTemplateScript15Customizer> (0x00000007efdbb720) 
thrown [s\src\hotspot\share\classfile\systemDictionary.cpp, line 312]
Event: 2309.640 Thread 0x000001fb5f14b5c0 Exception <a 'java/lang/ClassNotFoundException'{0x00000007efa55b70}: SimpleTemplateScript16BeanInfo> (0x00000007efa55b70) 
thrown [s\src\hotspot\share\classfile\systemDictionary.cpp, line 312]
Event: 2309.641 Thread 0x000001fb5f14b5c0 Exception <a 'java/lang/ClassNotFoundException'{0x00000007efa61df8}: SimpleTemplateScript16Customizer> (0x00000007efa61df8) 
thrown [s\src\hotspot\share\classfile\systemDictionary.cpp, line 312]
Event: 2495.427 Thread 0x000001fb5fc79500 Exception <a 'java/lang/NoSuchMethodError'{0x00000007fbd7c948}: static Lorg/gradle/launcher/daemon/protocol/Command;.<clinit>()V> (0x00000007fbd7c948) 
thrown [s\src\hotspot\share\prims\jni.cpp, line 1111]
Event: 2495.441 Thread 0x000001fb5fc79500 Exception <a 'java/lang/NoSuchMethodError'{0x00000007fbd873d8}: static Lorg/gradle/launcher/daemon/protocol/InvalidateVirtualFileSystemAfterChange;.<clinit>()V> (0x00000007fbd873d8) 
thrown [s\src\hotspot\share\prims\jni.cpp, line 1111]
Event: 2822.666 Thread 0x000001fb5bcf45d0 Exception <a 'sun/nio/fs/WindowsException'{0x00000007f79a2390}> (0x00000007f79a2390) 
thrown [s\src\hotspot\share\prims\jni.cpp, line 520]
Event: 2822.667 Thread 0x000001fb5bcf45d0 Exception <a 'sun/nio/fs/WindowsException'{0x00000007f79a3830}> (0x00000007f79a3830) 
thrown [s\src\hotspot\share\prims\jni.cpp, line 520]
Event: 2822.668 Thread 0x000001fb5bcf45d0 Exception <a 'sun/nio/fs/WindowsException'{0x00000007f79a4cc8}> (0x00000007f79a4cc8) 
thrown [s\src\hotspot\share\prims\jni.cpp, line 520]
Event: 2822.668 Thread 0x000001fb5bcf45d0 Exception <a 'sun/nio/fs/WindowsException'{0x00000007f79a6150}> (0x00000007f79a6150) 
thrown [s\src\hotspot\share\prims\jni.cpp, line 520]
Event: 2826.836 Thread 0x000001fb61cf0e10 Implicit null exception at 0x000001fb0148528b to 0x000001fb014858fb
Event: 2826.836 Thread 0x000001fb61cf0e10 Exception <a 'java/lang/NullPointerException'{0x00000007f6295850}> (0x00000007f6295850) 
thrown [s\src\hotspot\share\runtime\sharedRuntime.cpp, line 625]
Event: 2861.512 Thread 0x000001fb61cf0e10 Exception <a 'java/lang/ClassNotFoundException'{0x00000007fb8e00d0}: SimpleTemplateScript17BeanInfo> (0x00000007fb8e00d0) 
thrown [s\src\hotspot\share\classfile\systemDictionary.cpp, line 312]
Event: 2861.513 Thread 0x000001fb61cf0e10 Exception <a 'java/lang/ClassNotFoundException'{0x00000007fb8ec108}: SimpleTemplateScript17Customizer> (0x00000007fb8ec108) 
thrown [s\src\hotspot\share\classfile\systemDictionary.cpp, line 312]
Event: 2861.525 Thread 0x000001fb61cf0e10 Exception <a 'java/lang/ClassNotFoundException'{0x00000007fb987ef0}: SimpleTemplateScript18BeanInfo> (0x00000007fb987ef0) 
thrown [s\src\hotspot\share\classfile\systemDictionary.cpp, line 312]
Event: 2861.525 Thread 0x000001fb61cf0e10 Exception <a 'java/lang/ClassNotFoundException'{0x00000007fb993f28}: SimpleTemplateScript18Customizer> (0x00000007fb993f28) 
thrown [s\src\hotspot\share\classfile\systemDictionary.cpp, line 312]

ZGC Phase Switch (0 events):
No events

VM Operations (20 events):
Event: 2828.512 Executing VM operation: Cleanup
Event: 2828.512 Executing VM operation: Cleanup done
Event: 2833.544 Executing VM operation: Cleanup
Event: 2833.544 Executing VM operation: Cleanup done
Event: 2839.603 Executing VM operation: Cleanup
Event: 2839.603 Executing VM operation: Cleanup done
Event: 2840.610 Executing VM operation: Cleanup
Event: 2840.610 Executing VM operation: Cleanup done
Event: 2855.731 Executing VM operation: Cleanup
Event: 2855.731 Executing VM operation: Cleanup done
Event: 2856.742 Executing VM operation: Cleanup
Event: 2856.742 Executing VM operation: Cleanup done
Event: 2858.914 Executing VM operation: G1CollectForAllocation (G1 Evacuation Pause)
Event: 2858.972 Executing VM operation: G1CollectForAllocation (G1 Evacuation Pause) done
Event: 2862.002 Executing VM operation: Cleanup
Event: 2862.003 Executing VM operation: Cleanup done
Event: 2864.029 Executing VM operation: Cleanup
Event: 2864.029 Executing VM operation: Cleanup done
Event: 2864.072 Executing VM operation: G1TryInitiateConcMark (G1 Humongous Allocation)
Event: 2864.094 Executing VM operation: G1TryInitiateConcMark (G1 Humongous Allocation) done

Memory protections (0 events):
No events

Nmethod flushes (20 events):
Event: 2312.167 Thread 0x000001fb7f7be2b0 flushing  nmethod 0x000001fb00cf2390
Event: 2312.167 Thread 0x000001fb7f7be2b0 flushing osr nmethod 0x000001fb00cf4510
Event: 2312.167 Thread 0x000001fb7f7be2b0 flushing  nmethod 0x000001fb00cf7510
Event: 2312.167 Thread 0x000001fb7f7be2b0 flushing  nmethod 0x000001fb00e50e10
Event: 2312.167 Thread 0x000001fb7f7be2b0 flushing  nmethod 0x000001fb00e67d90
Event: 2312.167 Thread 0x000001fb7f7be2b0 flushing  nmethod 0x000001fb010c4e10
Event: 2312.167 Thread 0x000001fb7f7be2b0 flushing  nmethod 0x000001fb0114c510
Event: 2312.167 Thread 0x000001fb7f7be2b0 flushing  nmethod 0x000001fb01153810
Event: 2312.167 Thread 0x000001fb7f7be2b0 flushing  nmethod 0x000001fb01294c10
Event: 2312.167 Thread 0x000001fb7f7be2b0 flushing  nmethod 0x000001fb01295190
Event: 2312.167 Thread 0x000001fb7f7be2b0 flushing  nmethod 0x000001fb0129cd90
Event: 2312.167 Thread 0x000001fb7f7be2b0 flushing  nmethod 0x000001fb01408010
Event: 2312.167 Thread 0x000001fb7f7be2b0 flushing  nmethod 0x000001fb0140ea10
Event: 2312.167 Thread 0x000001fb7f7be2b0 flushing  nmethod 0x000001fb01478410
Event: 2312.167 Thread 0x000001fb7f7be2b0 flushing  nmethod 0x000001fb01478f90
Event: 2312.167 Thread 0x000001fb7f7be2b0 flushing  nmethod 0x000001fb01479d10
Event: 2312.167 Thread 0x000001fb7f7be2b0 flushing  nmethod 0x000001fb01591c10
Event: 2312.167 Thread 0x000001fb7f7be2b0 flushing  nmethod 0x000001fb01598190
Event: 2312.167 Thread 0x000001fb7f7be2b0 flushing  nmethod 0x000001fb0161b510
Event: 2312.167 Thread 0x000001fb7f7be2b0 flushing  nmethod 0x000001fb01791d10

Events (20 events):
Event: 2839.915 Thread 0x000001fb5d0a1fc0 Thread exited: 0x000001fb5d0a1fc0
Event: 2839.915 Thread 0x000001fb5eefda30 Thread exited: 0x000001fb5eefda30
Event: 2855.529 Thread 0x000001fb7f830090 Thread added: 0x000001fb5a962cb0
Event: 2855.529 Thread 0x000001fb7f830090 Thread added: 0x000001fb5a963380
Event: 2855.721 Thread 0x000001fb5a963380 Thread exited: 0x000001fb5a963380
Event: 2855.943 Thread 0x000001fb5a962cb0 Thread exited: 0x000001fb5a962cb0
Event: 2856.132 Thread 0x000001fb7f830090 Thread added: 0x000001fb5a962cb0
Event: 2856.132 Thread 0x000001fb7f830090 Thread added: 0x000001fb5a963380
Event: 2856.630 Thread 0x000001fb5a963380 Thread exited: 0x000001fb5a963380
Event: 2856.630 Thread 0x000001fb5a962cb0 Thread exited: 0x000001fb5a962cb0
Event: 2860.002 Thread 0x000001fb5fd59020 Thread exited: 0x000001fb5fd59020
Event: 2860.002 Thread 0x000001fb5fd58990 Thread exited: 0x000001fb5fd58990
Event: 2860.002 Thread 0x000001fb5fc521f0 Thread exited: 0x000001fb5fc521f0
Event: 2860.002 Thread 0x000001fb5ba133b0 Thread exited: 0x000001fb5ba133b0
Event: 2860.003 Thread 0x000001fb5fc50e40 Thread exited: 0x000001fb5fc50e40
Event: 2860.003 Thread 0x000001fb5fd55ba0 Thread exited: 0x000001fb5fd55ba0
Event: 2861.448 Thread 0x000001fb7f830090 Thread added: 0x000001fb621ac4c0
Event: 2861.448 Thread 0x000001fb7f830090 Thread added: 0x000001fb621ab050
Event: 2863.041 Thread 0x000001fb621ab050 Thread exited: 0x000001fb621ab050
Event: 2863.042 Thread 0x000001fb621ac4c0 Thread exited: 0x000001fb621ac4c0


Dynamic libraries:
0x00007ff720080000 - 0x00007ff72008e000 	C:\Program Files\Eclipse Adoptium\jdk-21.0.9.10-hotspot\bin\java.exe
0x00007fffbe880000 - 0x00007fffbeae6000 	C:\WINDOWS\SYSTEM32\ntdll.dll
0x00007fffbdb70000 - 0x00007fffbdc39000 	C:\WINDOWS\System32\KERNEL32.DLL
0x00007fffbc1a0000 - 0x00007fffbc59f000 	C:\WINDOWS\System32\KERNELBASE.dll
0x00007fffbc040000 - 0x00007fffbc18c000 	C:\WINDOWS\System32\ucrtbase.dll
0x00007fff97b40000 - 0x00007fff97b58000 	C:\Program Files\Eclipse Adoptium\jdk-21.0.9.10-hotspot\bin\jli.dll
0x00007fff9cec0000 - 0x00007fff9cede000 	C:\Program Files\Eclipse Adoptium\jdk-21.0.9.10-hotspot\bin\VCRUNTIME140.dll
0x00007fffbce50000 - 0x00007fffbd016000 	C:\WINDOWS\System32\USER32.dll
0x00007fffbac60000 - 0x00007fffbaef1000 	C:\WINDOWS\WinSxS\amd64_microsoft.windows.common-controls_6595b64144ccf1df_6.0.26100.8972_none_3e0da176e32f9d4b\COMCTL32.dll
0x00007fffbba90000 - 0x00007fffbbab7000 	C:\WINDOWS\System32\win32u.dll
0x00007fffbe580000 - 0x00007fffbe629000 	C:\WINDOWS\System32\msvcrt.dll
0x00007fffbe1f0000 - 0x00007fffbe21b000 	C:\WINDOWS\System32\GDI32.dll
0x00007fffbbac0000 - 0x00007fffbbbe9000 	C:\WINDOWS\System32\gdi32full.dll
0x00007fffbbf90000 - 0x00007fffbc033000 	C:\WINDOWS\System32\msvcp_win.dll
0x00007fffbe0b0000 - 0x00007fffbe0e2000 	C:\WINDOWS\System32\IMM32.DLL
0x00007fffad0c0000 - 0x00007fffad0cc000 	C:\Program Files\Eclipse Adoptium\jdk-21.0.9.10-hotspot\bin\vcruntime140_1.dll
0x00007fff77100000 - 0x00007fff7718d000 	C:\Program Files\Eclipse Adoptium\jdk-21.0.9.10-hotspot\bin\msvcp140.dll
0x00007fff0e0c0000 - 0x00007fff0ee60000 	C:\Program Files\Eclipse Adoptium\jdk-21.0.9.10-hotspot\bin\server\jvm.dll
0x00007fffbe630000 - 0x00007fffbe6ec000 	C:\WINDOWS\System32\ADVAPI32.dll
0x00007fffbe000000 - 0x00007fffbe0aa000 	C:\WINDOWS\System32\sechost.dll
0x00007fffbcd30000 - 0x00007fffbce48000 	C:\WINDOWS\System32\RPCRT4.dll
0x00007fffbe720000 - 0x00007fffbe7a2000 	C:\WINDOWS\System32\WS2_32.dll
0x00007fffbb910000 - 0x00007fffbb96e000 	C:\WINDOWS\SYSTEM32\POWRPROF.dll
0x00007fffb9510000 - 0x00007fffb951b000 	C:\WINDOWS\SYSTEM32\VERSION.dll
0x00007fffb0f40000 - 0x00007fffb0f76000 	C:\WINDOWS\SYSTEM32\WINMM.dll
0x00007fffbb8f0000 - 0x00007fffbb905000 	C:\WINDOWS\SYSTEM32\UMPDC.dll
0x00007fffba0e0000 - 0x00007fffba0fb000 	C:\WINDOWS\SYSTEM32\kernel.appcore.dll
0x00007fffac5d0000 - 0x00007fffac5da000 	C:\Program Files\Eclipse Adoptium\jdk-21.0.9.10-hotspot\bin\jimage.dll
0x00007fffbb220000 - 0x00007fffbb462000 	C:\WINDOWS\SYSTEM32\DBGHELP.DLL
0x00007fffbdc70000 - 0x00007fffbdff5000 	C:\WINDOWS\System32\combase.dll
0x00007fffbc790000 - 0x00007fffbc869000 	C:\WINDOWS\System32\OLEAUT32.dll
0x00007fffbb110000 - 0x00007fffbb14b000 	C:\WINDOWS\SYSTEM32\dbgcore.DLL
0x00007fffbbbf0000 - 0x00007fffbbc9c000 	C:\WINDOWS\System32\bcryptPrimitives.dll
0x00007fffa6c80000 - 0x00007fffa6c8f000 	C:\Program Files\Eclipse Adoptium\jdk-21.0.9.10-hotspot\bin\instrument.dll
0x00007fff966d0000 - 0x00007fff966f0000 	C:\Program Files\Eclipse Adoptium\jdk-21.0.9.10-hotspot\bin\java.dll
0x00007fffbd380000 - 0x00007fffbdb08000 	C:\WINDOWS\System32\SHELL32.dll
0x00007fffb8530000 - 0x00007fffb8dcb000 	C:\WINDOWS\SYSTEM32\windows.storage.dll
0x00007fffbe280000 - 0x00007fffbe379000 	C:\WINDOWS\System32\SHCORE.dll
0x00007fffbe180000 - 0x00007fffbe1e6000 	C:\WINDOWS\System32\shlwapi.dll
0x00007fffbb980000 - 0x00007fffbb9a9000 	C:\WINDOWS\SYSTEM32\profapi.dll
0x00007fff74570000 - 0x00007fff74647000 	C:\Program Files\Eclipse Adoptium\jdk-21.0.9.10-hotspot\bin\jsvml.dll
0x00007fff92cb0000 - 0x00007fff92cc8000 	C:\Program Files\Eclipse Adoptium\jdk-21.0.9.10-hotspot\bin\zip.dll
0x00007fffac310000 - 0x00007fffac320000 	C:\Program Files\Eclipse Adoptium\jdk-21.0.9.10-hotspot\bin\net.dll
0x00007fffb40d0000 - 0x00007fffb41f8000 	C:\WINDOWS\SYSTEM32\WINHTTP.dll
0x00007fffb9d10000 - 0x00007fffb9d7c000 	C:\WINDOWS\system32\mswsock.dll
0x00007fff95d30000 - 0x00007fff95d46000 	C:\Program Files\Eclipse Adoptium\jdk-21.0.9.10-hotspot\bin\nio.dll
0x00007fffac1e0000 - 0x00007fffac1f0000 	C:\Program Files\Eclipse Adoptium\jdk-21.0.9.10-hotspot\bin\verify.dll
0x00007fff92c80000 - 0x00007fff92ca7000 	C:\Users\Yuse\.gradle\native\c067742578af261105cb4f569cf0c3c89f3d7b1fecec35dd04571415982c5e48\windows-amd64\native-platform.dll
0x00007fff73360000 - 0x00007fff734a4000 	C:\Users\Yuse\.gradle\native\100fb08df4bc3b14c8652ba06237920a3bd2aa13389f12d3474272988ae205f9\windows-amd64\native-platform-file-events.dll
0x00007fffab290000 - 0x00007fffab29a000 	C:\Program Files\Eclipse Adoptium\jdk-21.0.9.10-hotspot\bin\management.dll
0x00007fffa7210000 - 0x00007fffa721c000 	C:\Program Files\Eclipse Adoptium\jdk-21.0.9.10-hotspot\bin\management_ext.dll
0x00007fffbe570000 - 0x00007fffbe578000 	C:\WINDOWS\System32\PSAPI.DLL
0x00007fffbb590000 - 0x00007fffbb5ab000 	C:\WINDOWS\SYSTEM32\CRYPTSP.dll
0x00007fffb9700000 - 0x00007fffb9739000 	C:\WINDOWS\system32\rsaenh.dll
0x00007fffb9dc0000 - 0x00007fffb9df2000 	C:\WINDOWS\SYSTEM32\USERENV.dll
0x00007fffbb9b0000 - 0x00007fffbb9da000 	C:\WINDOWS\SYSTEM32\bcrypt.dll
0x00007fffba000000 - 0x00007fffba00c000 	C:\WINDOWS\SYSTEM32\CRYPTBASE.dll
0x00007fffb9110000 - 0x00007fffb9143000 	C:\WINDOWS\SYSTEM32\IPHLPAPI.DLL
0x00007fffbe220000 - 0x00007fffbe22a000 	C:\WINDOWS\System32\NSI.dll
0x00007fffa6f40000 - 0x00007fffa6f49000 	C:\Program Files\Eclipse Adoptium\jdk-21.0.9.10-hotspot\bin\extnet.dll
0x00007fffa58f0000 - 0x00007fffa58fe000 	C:\Program Files\Eclipse Adoptium\jdk-21.0.9.10-hotspot\bin\sunmscapi.dll
0x00007fffbbcb0000 - 0x00007fffbbe2e000 	C:\WINDOWS\System32\CRYPT32.dll
0x00007fffbaa60000 - 0x00007fffbaa90000 	C:\WINDOWS\SYSTEM32\ncrypt.dll
0x00007fffbaa10000 - 0x00007fffbaa4f000 	C:\WINDOWS\SYSTEM32\NTASN1.dll
0x00007fff9fe40000 - 0x00007fff9fe48000 	C:\WINDOWS\system32\wshunix.dll
0x00007fffb91a0000 - 0x00007fffb92f8000 	C:\WINDOWS\SYSTEM32\DNSAPI.dll
0x00007fffb9af0000 - 0x00007fffb9afd000 	C:\WINDOWS\SYSTEM32\DSPARSE.dll
0x00007fffba170000 - 0x00007fffba17b000 	C:\Windows\System32\rasadhlp.dll
0x00007fffb0f80000 - 0x00007fffb1006000 	C:\WINDOWS\System32\fwpuclnt.dll
0x00007fffbb1e0000 - 0x00007fffbb216000 	C:\WINDOWS\SYSTEM32\ntmarta.dll

JVMTI agents:
C:\Users\Yuse\.gradle\wrapper\dists\gradle-8.10-bin\deqhafrv1ntovfmgh0nh3npr9\gradle-8.10\lib\agents\gradle-instrumentation-agent-8.10.jar path:C:\Program Files\Eclipse Adoptium\jdk-21.0.9.10-hotspot\bin\instrument.dll, loaded, initialized, instrumentlib options:none

dbghelp: loaded successfully - version: 4.0.5 - missing functions: none
symbol engine: initialized successfully - sym options: 0x614 - pdb path: .;C:\Program Files\Eclipse Adoptium\jdk-21.0.9.10-hotspot\bin;C:\WINDOWS\SYSTEM32;C:\WINDOWS\WinSxS\amd64_microsoft.windows.common-controls_6595b64144ccf1df_6.0.26100.8972_none_3e0da176e32f9d4b;C:\Program Files\Eclipse Adoptium\jdk-21.0.9.10-hotspot\bin\server;C:\Users\Yuse\.gradle\native\c067742578af261105cb4f569cf0c3c89f3d7b1fecec35dd04571415982c5e48\windows-amd64;C:\Users\Yuse\.gradle\native\100fb08df4bc3b14c8652ba06237920a3bd2aa13389f12d3474272988ae205f9\windows-amd64

VM Arguments:
jvm_args: --add-opens=java.base/java.util=ALL-UNNAMED --add-opens=java.base/java.lang=ALL-UNNAMED --add-opens=java.base/java.lang.invoke=ALL-UNNAMED --add-opens=java.prefs/java.util.prefs=ALL-UNNAMED --add-exports=jdk.compiler/com.sun.tools.javac.api=ALL-UNNAMED --add-exports=jdk.compiler/com.sun.tools.javac.util=ALL-UNNAMED --add-opens=java.base/java.nio.charset=ALL-UNNAMED --add-opens=java.base/java.net=ALL-UNNAMED --add-opens=java.base/java.util.concurrent.atomic=ALL-UNNAMED -Xmx4G -Dfile.encoding=UTF-8 -Duser.country=PE -Duser.language=es -Duser.variant -javaagent:C:\Users\Yuse\.gradle\wrapper\dists\gradle-8.10-bin\deqhafrv1ntovfmgh0nh3npr9\gradle-8.10\lib\agents\gradle-instrumentation-agent-8.10.jar 
java_command: org.gradle.launcher.daemon.bootstrap.GradleDaemon 8.10
java_class_path (initial): C:\Users\Yuse\.gradle\wrapper\dists\gradle-8.10-bin\deqhafrv1ntovfmgh0nh3npr9\gradle-8.10\lib\gradle-daemon-main-8.10.jar
Launcher Type: SUN_STANDARD

[Global flags]
     intx CICompilerCount                          = 4                                         {product} {ergonomic}
     uint ConcGCThreads                            = 3                                         {product} {ergonomic}
     uint G1ConcRefinementThreads                  = 10                                        {product} {ergonomic}
   size_t G1HeapRegionSize                         = 2097152                                   {product} {ergonomic}
    uintx GCDrainStackTargetSize                   = 64                                        {product} {ergonomic}
   size_t InitialHeapSize                          = 228589568                                 {product} {ergonomic}
   size_t MarkStackSize                            = 4194304                                   {product} {ergonomic}
   size_t MaxHeapSize                              = 4294967296                                {product} {command line}
   size_t MaxNewSize                               = 2575302656                                {product} {ergonomic}
   size_t MinHeapDeltaBytes                        = 2097152                                   {product} {ergonomic}
   size_t MinHeapSize                              = 8388608                                   {product} {ergonomic}
    uintx NonNMethodCodeHeapSize                   = 5839372                                {pd product} {ergonomic}
    uintx NonProfiledCodeHeapSize                  = 122909434                              {pd product} {ergonomic}
    uintx ProfiledCodeHeapSize                     = 122909434                              {pd product} {ergonomic}
    uintx ReservedCodeCacheSize                    = 251658240                              {pd product} {ergonomic}
     bool SegmentedCodeCache                       = true                                      {product} {ergonomic}
   size_t SoftMaxHeapSize                          = 4294967296                             {manageable} {ergonomic}
     bool UseCompressedOops                        = true                           {product lp64_product} {ergonomic}
     bool UseG1GC                                  = true                                      {product} {ergonomic}
     bool UseLargePagesIndividualAllocation        = false                                  {pd product} {ergonomic}

Logging:
Log output configuration:
 #0: stdout all=warning uptime,level,tags foldmultilines=false
 #1: stderr all=off uptime,level,tags foldmultilines=false

Release file:
IMPLEMENTOR="Eclipse Adoptium" 
IMPLEMENTOR_VERSION="Temurin-21.0.9+10" 
JAVA_RUNTIME_VERSION="21.0.9+10-LTS" 
JAVA_VERSION="21.0.9" 
JAVA_VERSION_DATE="2025-10-21" 
LIBC="default" 
MODULES="java.base java.compiler java.datatransfer java.xml java.prefs java.desktop java.instrument java.logging java.management java.security.sasl java.naming java.rmi java.management.rmi java.net.http java.scripting java.security.jgss java.transaction.xa java.sql java.sql.rowset java.xml.crypto java.se java.smartcardio jdk.accessibility jdk.internal.jvmstat jdk.attach jdk.charsets jdk.internal.opt jdk.zipfs jdk.compiler jdk.crypto.ec jdk.crypto.cryptoki jdk.crypto.mscapi jdk.dynalink jdk.internal.ed jdk.editpad jdk.hotspot.agent jdk.httpserver jdk.incubator.vector jdk.internal.le jdk.internal.vm.ci jdk.internal.vm.compiler jdk.internal.vm.compiler.management jdk.jartool jdk.javadoc jdk.jcmd jdk.management jdk.management.agent jdk.jconsole jdk.jdeps jdk.jdwp.agent jdk.jdi jdk.jfr jdk.jlink jdk.jpackage jdk.jshell jdk.jsobject jdk.jstatd jdk.localedata jdk.management.jfr jdk.naming.dns jdk.naming.rmi jdk.net jdk.nio.mapmode jdk.random jdk.sctp jdk.security.auth jdk.security.jgss jdk.unsupported jdk.unsupported.desktop jdk.xml.dom" 
OS_ARCH="x86_64" 
OS_NAME="Windows" 
SOURCE=".:git:759062135b07" 
BUILD_SOURCE="git:839fa0b45d809157cffd3dc8515aad262a4a1776"
BUILD_SOURCE_REPO="https://github.com/adoptium/temurin-build.git"
SOURCE_REPO="https://github.com/adoptium/jdk21u.git"
FULL_VERSION="21.0.9+10-LTS"
SEMANTIC_VERSION="21.0.9+10"
BUILD_INFO="OS: Windows Server 2022 Version: 10.0"
JVM_VARIANT="Hotspot"
JVM_VERSION="21.0.9+10-LTS"
IMAGE_TYPE="JDK"

Environment Variables:
JAVA_HOME=C:\Program Files\Eclipse Adoptium\jdk-21.0.9.10-hotspot\
CLASSPATH=C:\Users\Yuse\Desktop\PROYECTO MODS\dragonminez\\gradle\wrapper\gradle-wrapper.jar
PATH=C:\Program Files\Eclipse Adoptium\jdk-21.0.9.10-hotspot\bin;C:\WINDOWS\system32;C:\WINDOWS;C:\WINDOWS\System32\Wbem;C:\WINDOWS\System32\WindowsPowerShell\v1.0\;C:\WINDOWS\System32\OpenSSH\;C:\Program Files\Git\cmd;C:\Program Files\dotnet\;C:\Users\Yuse\AppData\Local\Microsoft\WindowsApps;C:\Program Files\Git\mingw64\bin
USERNAME=Yuse
OS=Windows_NT
PROCESSOR_IDENTIFIER=AMD64 Family 25 Model 117 Stepping 2, AuthenticAMD
TMP=C:\Users\Yuse\AppData\Local\Temp
TEMP=C:\Users\Yuse\AppData\Local\Temp




Periodic native trim disabled

---------------  S Y S T E M  ---------------

OS:
 Windows 11 , 64 bit Build 26100 (10.0.26100.9168)
OS uptime: 1 days 3:19 hours
Hyper-V role detected

CPU: total 12 (initial active 12) (12 cores per cpu, 2 threads per core) family 25 model 117 stepping 2 microcode 0xa705205, cx8, cmov, fxsr, ht, mmx, 3dnowpref, sse, sse2, sse3, ssse3, sse4a, sse4.1, sse4.2, popcnt, lzcnt, tsc, tscinvbit, avx, avx2, aes, erms, clmul, bmi1, bmi2, adx, avx512f, avx512dq, avx512cd, avx512bw, avx512vl, sha, fma, vzeroupper, avx512_vpopcntdq, avx512_vpclmulqdq, avx512_vaes, avx512_vnni, clflush, clflushopt, avx512_vbmi2, avx512_vbmi, hv, rdtscp, rdpid, fsrm, gfni, avx512_bitalg, f16c, cet_ss, avx512_ifma
Processor Information for the first 12 processors :
  Max Mhz: 4351, Current Mhz: 4351, Mhz Limit: 4351

Memory: 4k page, system-wide physical 13947M (1690M free)
TotalPageFile size 29819M (AvailPageFile size 4932M)
current process WorkingSet (physical memory assigned to process): 966M, peak: 1302M
current process commit charge ("private bytes"): 1457M, peak: 1469M

vm_info: OpenJDK 64-Bit Server VM (21.0.9+10-LTS) for windows-amd64 JRE (21.0.9+10-LTS), built on 2025-10-21T00:00:00Z by "admin" with unknown MS VC++:1942

END.
